駅番号,路線名,駅名
H75,JR北海道函館本線,函館駅
H73,JR北海道函館本線,桔梗駅
H72,JR北海道函館本線,大中山駅
H71,JR北海道函館本線,七飯駅
H70,JR北海道函館本線,渡島大野駅
H68,JR北海道函館本線,大沼駅
H67,JR北海道函館本線,大沼公園駅
H66,JR北海道函館本線,赤井川駅
H65,JR北海道函館本線,駒ヶ岳駅
H64,JR北海道函館本線,東山駅
H63,JR北海道函館本線,姫川駅
H62,JR北海道函館本線,森駅
H61,JR北海道函館本線,桂川駅
H60,JR北海道函館本線,石谷駅
H59,JR北海道函館本線,本石倉駅
H58,JR北海道函館本線,石倉駅
H57,JR北海道函館本線,落部駅
H56,JR北海道函館本線,野田生駅
H55,JR北海道函館本線,山越駅
H54,JR北海道函館本線,八雲駅
H53,JR北海道函館本線,鷲ノ巣駅
H52,JR北海道函館本線,山崎駅
H51,JR北海道函館本線,黒岩駅
H50,JR北海道函館本線,北豊津駅
H49,JR北海道函館本線,国縫駅
H48,JR北海道函館本線,中ノ沢駅
H47,JR北海道函館本線,長万部駅
S32,JR北海道函館本線,二股駅
S31,JR北海道函館本線,蕨岱駅
S30,JR北海道函館本線,黒松内駅
S29,JR北海道函館本線,熱郛駅
S28,JR北海道函館本線,目名駅
S27,JR北海道函館本線,蘭越駅
S26,JR北海道函館本線,昆布駅
S25,JR北海道函館本線,ニセコ駅
S24,JR北海道函館本線,比羅夫駅
S23,JR北海道函館本線,倶知安駅
S22,JR北海道函館本線,小沢駅
S21,JR北海道函館本線,銀山駅
S20,JR北海道函館本線,然別駅
S19,JR北海道函館本線,仁木駅
S18,JR北海道函館本線,余市駅
S17,JR北海道函館本線,蘭島駅
S16,JR北海道函館本線,塩谷駅
S32,JR北海道函館本線,二股駅
S31,JR北海道函館本線,蕨岱駅
S30,JR北海道函館本線,黒松内駅
S29,JR北海道函館本線,熱郛駅
S28,JR北海道函館本線,目名駅
S27,JR北海道函館本線,蘭越駅
S26,JR北海道函館本線,昆布駅
S25,JR北海道函館本線,ニセコ駅
S24,JR北海道函館本線,比羅夫駅
S23,JR北海道函館本線,倶知安駅
S22,JR北海道函館本線,小沢駅
S21,JR北海道函館本線,銀山駅
S20,JR北海道函館本線,然別駅
S19,JR北海道函館本線,仁木駅
S18,JR北海道函館本線,余市駅
S17,JR北海道函館本線,蘭島駅
S16,JR北海道函館本線,塩谷駅
S15,JR北海道函館本線,小樽駅
S14,JR北海道函館本線,南小樽駅
S13,JR北海道函館本線,小樽築港駅
S12,JR北海道函館本線,朝里駅
S11,JR北海道函館本線,銭函駅
S10,JR北海道函館本線,ほしみ駅
S09,JR北海道函館本線,星置駅
S08,JR北海道函館本線,稲穂駅
S07,JR北海道函館本線,手稲駅
S06,JR北海道函館本線,稲積公園駅
S05,JR北海道函館本線,発寒駅
S04,JR北海道函館本線,発寒中央駅
S03,JR北海道函館本線,琴似駅
S02,JR北海道函館本線,桑園駅
H02,JR北海道函館本線,苗穂駅
H03,JR北海道函館本線,白石駅
A04,JR北海道函館本線,厚別駅
A05,JR北海道函館本線,森林公園駅
A06,JR北海道函館本線,大麻駅
A07,JR北海道函館本線,野幌駅
A08,JR北海道函館本線,高砂駅
A09,JR北海道函館本線,江別駅
A10,JR北海道函館本線,豊幌駅
A11,JR北海道函館本線,幌向駅
A12,JR北海道函館本線,上幌向駅
A13,JR北海道函館本線,岩見沢駅
A14,JR北海道函館本線,峰延駅
A15,JR北海道函館本線,光珠内駅
A16,JR北海道函館本線,美唄駅
A17,JR北海道函館本線,茶志内駅
A18,JR北海道函館本線,奈井江駅
A19,JR北海道函館本線,豊沼駅
A20,JR北海道函館本線,砂川駅
A21,JR北海道函館本線,滝川駅
A22,JR北海道函館本線,江部乙駅
A23,JR北海道函館本線,妹背牛駅
A24,JR北海道函館本線,深川駅
A25,JR北海道函館本線,納内駅
A26,JR北海道函館本線,伊納駅
A27,JR北海道函館本線,近文駅
A28,JR北海道函館本線,旭川駅
A21,JR北海道根室本線,滝川駅
T22,JR北海道根室本線,東滝川駅
T23,JR北海道根室本線,赤平駅◇
T24,JR北海道根室本線,茂尻駅
T25,JR北海道根室本線,平岸駅
T26,JR北海道根室本線,芦別駅
T27,JR北海道根室本線,上芦別駅
T28,JR北海道根室本線,野花南駅
T29,JR北海道根室本線,島ノ下駅
T30,JR北海道根室本線,富良野駅
T31,JR北海道根室本線,布部駅
T32,JR北海道根室本線,山部駅
T33,JR北海道根室本線,下金山駅
T34,JR北海道根室本線,金山駅
T35,JR北海道根室本線,東鹿越駅
T36,JR北海道根室本線,幾寅駅
T37,JR北海道根室本線,落合駅
K23,JR北海道根室本線,新得駅
K24,JR北海道根室本線,十勝清水駅
K25,JR北海道根室本線,羽帯駅
K26,JR北海道根室本線,御影駅
K27,JR北海道根室本線,芽室駅
K28,JR北海道根室本線,大成駅
K29,JR北海道根室本線,西帯広駅
K30,JR北海道根室本線,柏林台駅
K31,JR北海道根室本線,帯広駅
K32,JR北海道根室本線,札内駅
K33,JR北海道根室本線,稲士別駅
K34,JR北海道根室本線,幕別駅
K35,JR北海道根室本線,利別駅
K36,JR北海道根室本線,池田駅
K37,JR北海道根室本線,十弗駅
K38,JR北海道根室本線,豊頃駅
K39,JR北海道根室本線,新吉野駅
K40,JR北海道根室本線,浦幌駅
K41,JR北海道根室本線,上厚内駅
K42,JR北海道根室本線,厚内駅
K43,JR北海道根室本線,直別駅
K44,JR北海道根室本線,尺別駅
K45,JR北海道根室本線,音別駅
K46,JR北海道根室本線,古瀬駅
K47,JR北海道根室本線,白糠駅
K48,JR北海道根室本線,西庶路駅
K49,JR北海道根室本線,庶路駅
K50,JR北海道根室本線,大楽毛駅
K51,JR北海道根室本線,新大楽毛駅
K52,JR北海道根室本線,新富士駅
K53,JR北海道根室本線,釧路駅
B54,JR北海道根室本線,東釧路駅
H18,JR北海道千歳線,苫小牧駅
H17,JR北海道千歳線,沼ノ端駅
H16,JR北海道千歳線,植苗駅
H15,JR北海道千歳線,美々駅
AP15,JR北海道千歳線,新千歳空港駅
H14,JR北海道千歳線,南千歳駅
H13,JR北海道千歳線,千歳駅
H12,JR北海道千歳線,長都駅
H11,JR北海道千歳線,サッポロビール庭園駅
H10,JR北海道千歳線,恵庭駅
H09,JR北海道千歳線,恵み野駅
H08,JR北海道千歳線,島松駅
H07,JR北海道千歳線,北広島駅
H06,JR北海道千歳線,上野幌駅
H05,JR北海道千歳線,新札幌駅
H04,JR北海道千歳線,平和駅
H03,JR北海道千歳線,白石駅
H02,JR北海道千歳線,苗穂駅
H47,JR北海道室蘭本線,長万部駅
H46,JR北海道室蘭本線,静狩駅
H45,JR北海道室蘭本線,小幌駅
H44,JR北海道室蘭本線,礼文駅
H43,JR北海道室蘭本線,大岸駅
H42,JR北海道室蘭本線,豊浦駅
H41,JR北海道室蘭本線,洞爺駅
H40,JR北海道室蘭本線,有珠駅
H39,JR北海道室蘭本線,長和駅
H38,JR北海道室蘭本線,伊達紋別駅
H37,JR北海道室蘭本線,北舟岡駅
H36,JR北海道室蘭本線,稀府駅
H35,JR北海道室蘭本線,黄金駅
H34,JR北海道室蘭本線,崎守駅
H33,JR北海道室蘭本線,本輪西駅
H31,JR北海道室蘭本線,鷲別駅
H30,JR北海道室蘭本線,幌別駅
H29,JR北海道室蘭本線,富浦駅
H28,JR北海道室蘭本線,登別駅
H27,JR北海道室蘭本線,虎杖浜駅
H26,JR北海道室蘭本線,竹浦駅
H25,JR北海道室蘭本線,北吉原駅
H24,JR北海道室蘭本線,萩野駅
H23,JR北海道室蘭本線,白老駅
H22,JR北海道室蘭本線,社台駅
H21,JR北海道室蘭本線,錦岡駅
H20,JR北海道室蘭本線,糸井駅
H19,JR北海道室蘭本線,青葉駅
H18,JR北海道室蘭本線,苫小牧駅
H17,JR北海道室蘭本線,沼ノ端駅
K15,JR北海道室蘭本線,追分駅
A13,JR北海道室蘭本線,岩見沢駅
H32,JR北海道室蘭本線,東室蘭駅
M33,JR北海道室蘭本線,輪西駅
M34,JR北海道室蘭本線,御崎駅
M35,JR北海道室蘭本線,母恋駅
M36,JR北海道室蘭本線,室蘭駅
H14,JR北海道石勝線,南千歳駅
K15,JR北海道石勝線,追分駅
K16,JR北海道石勝線,東追分駅
K17,JR北海道石勝線,川端駅
K18,JR北海道石勝線,滝ノ上駅
K19,JR北海道石勝線,十三里駅
K20,JR北海道石勝線,新夕張駅
K21,JR北海道石勝線,占冠駅
K22,JR北海道石勝線,トマム駅
K23,JR北海道石勝線,新得駅
K20,JR北海道石勝線,新夕張駅
Y21,JR北海道石勝線,沼ノ沢駅
Y22,JR北海道石勝線,南清水沢駅
Y23,JR北海道石勝線,清水沢駅
Y24,JR北海道石勝線,鹿ノ谷駅
Y25,JR北海道石勝線,夕張駅
A28,JR北海道富良野線,旭川駅
F29,JR北海道富良野線,神楽岡駅
F30,JR北海道富良野線,緑が丘駅
F31,JR北海道富良野線,西御料駅
F32,JR北海道富良野線,西瑞穂駅
F33,JR北海道富良野線,西神楽駅
F34,JR北海道富良野線,西聖和駅
F35,JR北海道富良野線,千代ヶ岡駅
F36,JR北海道富良野線,北美瑛駅
F37,JR北海道富良野線,美瑛駅
F38,JR北海道富良野線,美馬牛駅
F39,JR北海道富良野線,上富良野駅
F40,JR北海道富良野線,西中駅
F41,JR北海道富良野線,ラベンダー畑駅
F42,JR北海道富良野線,中富良野駅
F43,JR北海道富良野線,鹿討駅
F44,JR北海道富良野線,学田駅
T30,JR北海道富良野線,富良野駅
A24,JR北海道留萌本線,深川駅
A28,JR北海道宗谷本線,旭川駅
A29,JR北海道宗谷本線,旭川四条駅
A30,JR北海道宗谷本線,新旭川駅
W32,JR北海道宗谷本線,北永山駅
W33,JR北海道宗谷本線,南比布駅
W34,JR北海道宗谷本線,比布駅
W35,JR北海道宗谷本線,北比布駅
W36,JR北海道宗谷本線,蘭留駅
W37,JR北海道宗谷本線,塩狩駅
W38,JR北海道宗谷本線,和寒駅
W39,JR北海道宗谷本線,東六線駅
W40,JR北海道宗谷本線,剣淵駅
W41,JR北海道宗谷本線,北剣淵駅
W42,JR北海道宗谷本線,士別駅
W43,JR北海道宗谷本線,下士別駅
W44,JR北海道宗谷本線,多寄駅
W45,JR北海道宗谷本線,瑞穂駅
W46,JR北海道宗谷本線,風連駅
W47,JR北海道宗谷本線,東風連駅
W48,JR北海道宗谷本線,名寄駅
W49,JR北海道宗谷本線,日進駅
W50,JR北海道宗谷本線,北星駅
W51,JR北海道宗谷本線,智恵文駅
W52,JR北海道宗谷本線,智北駅
W53,JR北海道宗谷本線,南美深駅
W54,JR北海道宗谷本線,美深駅
W55,JR北海道宗谷本線,初野駅
W56,JR北海道宗谷本線,紋穂内駅
W57,JR北海道宗谷本線,恩根内駅
W58,JR北海道宗谷本線,豊清水駅
W59,JR北海道宗谷本線,天塩川温泉駅
W60,JR北海道宗谷本線,咲来駅
W61,JR北海道宗谷本線,音威子府駅
W62,JR北海道宗谷本線,筬島駅
W63,JR北海道宗谷本線,佐久駅
W64,JR北海道宗谷本線,天塩中川駅
W65,JR北海道宗谷本線,歌内駅
W66,JR北海道宗谷本線,問寒別駅
W67,JR北海道宗谷本線,糠南駅
W68,JR北海道宗谷本線,雄信内駅
W69,JR北海道宗谷本線,安牛駅
W70,JR北海道宗谷本線,南幌延駅
W71,JR北海道宗谷本線,上幌延駅
W72,JR北海道宗谷本線,幌延駅
W73,JR北海道宗谷本線,下沼駅
W74,JR北海道宗谷本線,豊富駅
W75,JR北海道宗谷本線,徳満駅
W76,JR北海道宗谷本線,兜沼駅
W77,JR北海道宗谷本線,勇知駅
W78,JR北海道宗谷本線,抜海駅
W79,JR北海道宗谷本線,南稚内駅
W80,JR北海道宗谷本線,稚内駅
A69,JR北海道釧網本線,網走駅
B79,JR北海道釧網本線,桂台駅
B78,JR北海道釧網本線,鱒浦駅
B77,JR北海道釧網本線,藻琴駅
B76,JR北海道釧網本線,北浜駅
B75,JR北海道釧網本線,原生花園駅
B74,JR北海道釧網本線,浜小清水駅
B73,JR北海道釧網本線,止別駅
B72,JR北海道釧網本線,知床斜里駅
B71,JR北海道釧網本線,中斜里駅
B70,JR北海道釧網本線,南斜里駅
B69,JR北海道釧網本線,清里町駅
B68,JR北海道釧網本線,札弦駅
B67,JR北海道釧網本線,緑駅
B66,JR北海道釧網本線,川湯温泉駅
B65,JR北海道釧網本線,美留和駅
B64,JR北海道釧網本線,摩周駅
B63,JR北海道釧網本線,南弟子屈駅
B62,JR北海道釧網本線,磯分内駅
B61,JR北海道釧網本線,標茶駅
B60,JR北海道釧網本線,五十石駅
B59,JR北海道釧網本線,茅沼駅
B58,JR北海道釧網本線,塘路駅
B57,JR北海道釧網本線,細岡駅
B56,JR北海道釧網本線,釧路湿原駅
B55,JR北海道釧網本線,遠矢駅
B54,JR北海道釧網本線,東釧路駅
K53,JR北海道釧網本線,釧路駅
A28,JR北海道石北本線,旭川駅
A29,JR北海道石北本線,旭川四条駅
A30,JR北海道石北本線,新旭川駅
A31,JR北海道石北本線,南永山駅
A32,JR北海道石北本線,東旭川駅
A33,JR北海道石北本線,北日ノ出駅
A34,JR北海道石北本線,桜岡駅
A35,JR北海道石北本線,当麻駅
A36,JR北海道石北本線,将軍山駅
A37,JR北海道石北本線,伊香牛駅
A38,JR北海道石北本線,愛別駅
A39,JR北海道石北本線,中愛別駅
A40,JR北海道石北本線,愛山駅
A41,JR北海道石北本線,安足間駅
A42,JR北海道石北本線,東雲駅
A43,JR北海道石北本線,上川駅
A44,JR北海道石北本線,上白滝駅
A45,JR北海道石北本線,白滝駅
A46,JR北海道石北本線,旧白滝駅
A47,JR北海道石北本線,下白滝駅
A48,JR北海道石北本線,丸瀬布駅
A49,JR北海道石北本線,瀬戸瀬駅
A50,JR北海道石北本線,遠軽駅
A51,JR北海道石北本線,安国駅
A52,JR北海道石北本線,生野駅
A53,JR北海道石北本線,生田原駅
A54,JR北海道石北本線,金華駅
A55,JR北海道石北本線,西留辺蘂駅
A56,JR北海道石北本線,留辺蘂駅
A57,JR北海道石北本線,相内駅
A58,JR北海道石北本線,東相内駅
A59,JR北海道石北本線,西北見駅
A60,JR北海道石北本線,北見駅
A61,JR北海道石北本線,柏陽駅
A62,JR北海道石北本線,愛し野駅
A63,JR北海道石北本線,端野駅
A64,JR北海道石北本線,緋牛内駅
A65,JR北海道石北本線,美幌駅
A66,JR北海道石北本線,西女満別駅
A67,JR北海道石北本線,女満別駅
A68,JR北海道石北本線,呼人駅
A69,JR北海道石北本線,網走駅
S02,JR北海道札沼線,桑園駅
G03,JR北海道札沼線,八軒駅
G04,JR北海道札沼線,新川駅
G05,JR北海道札沼線,新琴似駅
G06,JR北海道札沼線,太平駅
G07,JR北海道札沼線,百合が原駅
G08,JR北海道札沼線,篠路駅
G09,JR北海道札沼線,拓北駅
G10,JR北海道札沼線,あいの里教育大駅
G11,JR北海道札沼線,あいの里公園駅
G12,JR北海道札沼線,石狩太美駅
G13,JR北海道札沼線,石狩当別駅
G14,JR北海道札沼線,北海道医療大学駅
H75,JR北海道江差線,函館駅
H74,JR北海道江差線,五稜郭駅
H18,JR北海道日高本線,苫小牧駅
N01,札幌市営地下鉄南北線,麻生駅
N02,札幌市営地下鉄南北線,北34条駅
N03,札幌市営地下鉄南北線,北24条駅
N04,札幌市営地下鉄南北線,北18条駅
N05,札幌市営地下鉄南北線,北12条駅
N06,札幌市営地下鉄南北線,さっぽろ駅
N07,札幌市営地下鉄南北線,大通駅
N08,札幌市営地下鉄南北線,すすきの駅
N09,札幌市営地下鉄南北線,中島公園駅
N10,札幌市営地下鉄南北線,幌平橋駅
N11,札幌市営地下鉄南北線,中の島駅
N12,札幌市営地下鉄南北線,平岸駅
N13,札幌市営地下鉄南北線,南平岸駅
N14,札幌市営地下鉄南北線,澄川駅
N15,札幌市営地下鉄南北線,自衛隊前駅
N16,札幌市営地下鉄南北線,真駒内駅
T01,札幌市営地下鉄東西線,宮の沢駅
T02,札幌市営地下鉄東西線,発寒南駅
T03,札幌市営地下鉄東西線,琴似駅
T04,札幌市営地下鉄東西線,二十四軒駅
T05,札幌市営地下鉄東西線,西28丁目駅
T06,札幌市営地下鉄東西線,円山公園駅
T07,札幌市営地下鉄東西線,西18丁目駅
T08,札幌市営地下鉄東西線,西11丁目駅
T09,札幌市営地下鉄東西線,大通駅
T10,札幌市営地下鉄東西線,バスセンター前駅
T11,札幌市営地下鉄東西線,菊水駅
T12,札幌市営地下鉄東西線,東札幌駅
T13,札幌市営地下鉄東西線,白石駅
T14,札幌市営地下鉄東西線,南郷7丁目駅
T15,札幌市営地下鉄東西線,南郷13丁目駅
T16,札幌市営地下鉄東西線,南郷18丁目駅
T17,札幌市営地下鉄東西線,大谷地駅
T18,札幌市営地下鉄東西線,ひばりが丘駅
T19,札幌市営地下鉄東西線,新さっぽろ駅
H01,札幌市営地下鉄東豊線,栄町駅
H02,札幌市営地下鉄東豊線,新道東駅
H03,札幌市営地下鉄東豊線,元町駅
H04,札幌市営地下鉄東豊線,環状通東駅
H05,札幌市営地下鉄東豊線,東区役所前駅
H06,札幌市営地下鉄東豊線,北13条東駅
H07,札幌市営地下鉄東豊線,さっぽろ駅
H08,札幌市営地下鉄東豊線,大通駅
H09,札幌市営地下鉄東豊線,豊水すすきの駅
H10,札幌市営地下鉄東豊線,学園前駅
H11,札幌市営地下鉄東豊線,豊平公園駅
H12,札幌市営地下鉄東豊線,美園駅
H13,札幌市営地下鉄東豊線,月寒中央駅
H14,札幌市営地下鉄東豊線,福住駅
SC01,札幌市電,西4丁目
SC02,札幌市電,西8丁目
SC03,札幌市電,中央区役所前
SC04,札幌市電,西15丁目
SC05,札幌市電,西線6条
SC06,札幌市電,西線9条旭山公園通
SC07,札幌市電,西線11条
SC08,札幌市電,西線14条
SC09,札幌市電,西線16条
SC10,札幌市電,ロープウェイ入口
SC11,札幌市電,電車事業所前
SC12,札幌市電,中央図書館前
SC13,札幌市電,石山通
SC14,札幌市電,東屯田通
SC15,札幌市電,幌南小学校前
SC16,札幌市電,山鼻19条
SC17,札幌市電,静修学園前
SC18,札幌市電,行啓通
SC19,札幌市電,中島公園通
SC20,札幌市電,山鼻9条
SC21,札幌市電,東本願寺前
SC22,札幌市電,資生館小学校前
SC23,札幌市電,すすきの
DY1,函館市電,湯の川
DY2,函館市電,湯の川温泉
DY3,函館市電,市民会館前
DY4,函館市電,駒場車庫前
DY5,函館市電,競馬場前
DY6,函館市電,深堀町
DY7,函館市電,柏木町
DY8,函館市電,杉並町
DY9,函館市電,五稜郭公園前
DY10,函館市電,中央病院前
DY11,函館市電,千代台
DY12,函館市電,堀川町
DY13,函館市電,昭和橋
DY14,函館市電,千歳町
DY15,函館市電,新川町
DY16,函館市電,松風町
DY17,函館市電,函館駅前
DY18,函館市電,市役所前
DY19,函館市電,魚市場通
DY20,函館市電,十字街
D21,函館市電,末広町
D22,函館市電,大町
D23,函館市電,函館どつく前
Y24,函館市電,宝来町
Y25,函館市電,青柳町
Y26,函館市電,谷地頭
N01,仙台市地下鉄南北線,泉中央駅
N02,仙台市地下鉄南北線,八乙女駅
N03,仙台市地下鉄南北線,黒松駅
N04,仙台市地下鉄南北線,旭ヶ丘駅
N05,仙台市地下鉄南北線,台原駅
N06,仙台市地下鉄南北線,北仙台駅
N07,仙台市地下鉄南北線,北四番丁駅
N08,仙台市地下鉄南北線,勾当台公園駅
N09,仙台市地下鉄南北線,広瀬通駅
N10,仙台市地下鉄南北線,仙台駅
N11,仙台市地下鉄南北線,五橋駅
N12,仙台市地下鉄南北線,愛宕橋駅
N13,仙台市地下鉄南北線,河原町駅
N14,仙台市地下鉄南北線,長町一丁目駅
N15,仙台市地下鉄南北線,長町駅
N16,仙台市地下鉄南北線,長町南駅
N17,仙台市地下鉄南北線,富沢駅
T01,仙台市地下鉄東西線,八木山動物公園駅
T02,仙台市地下鉄東西線,青葉山駅
T03,仙台市地下鉄東西線,川内駅
T04,仙台市地下鉄東西線,国際センター駅
T05,仙台市地下鉄東西線,大町西公園駅
T06,仙台市地下鉄東西線,青葉通一番町駅
T07,仙台市地下鉄東西線,仙台駅
T08,仙台市地下鉄東西線,宮城野通駅
T09,仙台市地下鉄東西線,連坊駅
T10,仙台市地下鉄東西線,薬師堂駅
T11,仙台市地下鉄東西線,卸町駅
T12,仙台市地下鉄東西線,六丁の目駅
T13,仙台市地下鉄東西線,荒井駅
G-01,東京メトロ銀座線,渋谷駅
G-02,東京メトロ銀座線,表参道駅
G-03,東京メトロ銀座線,外苑前駅
G-04,東京メトロ銀座線,青山一丁目駅
G-05,東京メトロ銀座線,赤坂見附駅
G-06,東京メトロ銀座線,溜池山王駅
G-07,東京メトロ銀座線,虎ノ門駅
G-08,東京メトロ銀座線,新橋駅
G-09,東京メトロ銀座線,銀座駅
G-10,東京メトロ銀座線,京橋駅
G-11,東京メトロ銀座線,日本橋駅
G-12,東京メトロ銀座線,三越前駅
G-13,東京メトロ銀座線,神田駅
G-14,東京メトロ銀座線,末広町駅
G-15,東京メトロ銀座線,上野広小路駅
G-16,東京メトロ銀座線,上野駅
G-17,東京メトロ銀座線,稲荷町駅
G-18,東京メトロ銀座線,田原町駅
G-19,東京メトロ銀座線,浅草駅
M-01,東京メトロ丸ノ内線,荻窪駅
M-02,東京メトロ丸ノ内線,南阿佐ケ谷駅
M-03,東京メトロ丸ノ内線,新高円寺駅
M-04,東京メトロ丸ノ内線,東高円寺駅
M-05,東京メトロ丸ノ内線,新中野駅
M-06,東京メトロ丸ノ内線,中野坂上駅
M-07,東京メトロ丸ノ内線,西新宿駅
M-09,東京メトロ丸ノ内線,新宿三丁目駅
M-10,東京メトロ丸ノ内線,新宿御苑前駅
M-11,東京メトロ丸ノ内線,四谷三丁目駅
M-12,東京メトロ丸ノ内線,四ツ谷駅
M-13,東京メトロ丸ノ内線,赤坂見附駅
M-14,東京メトロ丸ノ内線,国会議事堂前駅
M-15,東京メトロ丸ノ内線,霞ケ関駅
M-16,東京メトロ丸ノ内線,銀座駅
M-17,東京メトロ丸ノ内線,東京駅
M-18,東京メトロ丸ノ内線,大手町駅
M-19,東京メトロ丸ノ内線,淡路町駅
M-20,東京メトロ丸ノ内線,御茶ノ水駅
M-21,東京メトロ丸ノ内線,本郷三丁目駅
M-22,東京メトロ丸ノ内線,後楽園駅
M-23,東京メトロ丸ノ内線,茗荷谷駅
M-24,東京メトロ丸ノ内線,新大塚駅
M-25,東京メトロ丸ノ内線,池袋駅
m-03,東京メトロ丸ノ内線,方南町駅
m-04,東京メトロ丸ノ内線,中野富士見町駅
m-05,東京メトロ丸ノ内線,中野新橋駅
M-06,東京メトロ丸ノ内線,中野坂上駅
H-01,東京メトロ日比谷線,中目黒駅
H-02,東京メトロ日比谷線,恵比寿駅
H-03,東京メトロ日比谷線,広尾駅
H-04,東京メトロ日比谷線,六本木駅
H-05,東京メトロ日比谷線,神谷町駅
H-06,東京メトロ日比谷線,霞ケ関駅
H-07,東京メトロ日比谷線,日比谷駅
H-08,東京メトロ日比谷線,銀座駅
H-09,東京メトロ日比谷線,東銀座駅
H-10,東京メトロ日比谷線,築地駅
H-11,東京メトロ日比谷線,八丁堀駅
H-12,東京メトロ日比谷線,茅場町駅
H-13,東京メトロ日比谷線,人形町駅
H-14,東京メトロ日比谷線,小伝馬町駅
H-15,東京メトロ日比谷線,秋葉原駅
H-16,東京メトロ日比谷線,仲御徒町駅
H-17,東京メトロ日比谷線,上野駅
H-18,東京メトロ日比谷線,入谷駅
H-19,東京メトロ日比谷線,三ノ輪駅
H-20,東京メトロ日比谷線,南千住駅
H-21,東京メトロ日比谷線,北千住駅
T-01,東京メトロ東西線,中野駅
T-02,東京メトロ東西線,落合駅
T-03,東京メトロ東西線,高田馬場駅
T-04,東京メトロ東西線,早稲田駅
T-05,東京メトロ東西線,神楽坂駅
T-06,東京メトロ東西線,飯田橋駅
T-07,東京メトロ東西線,九段下駅
T-08,東京メトロ東西線,竹橋駅
T-09,東京メトロ東西線,大手町駅
T-10,東京メトロ東西線,日本橋駅
T-11,東京メトロ東西線,茅場町駅
T-12,東京メトロ東西線,門前仲町駅
T-13,東京メトロ東西線,木場駅
T-14,東京メトロ東西線,東陽町駅
T-15,東京メトロ東西線,南砂町駅
T-16,東京メトロ東西線,西葛西駅
T-17,東京メトロ東西線,葛西駅
T-18,東京メトロ東西線,浦安駅
T-19,東京メトロ東西線,南行徳駅
T-20,東京メトロ東西線,行徳駅
T-21,東京メトロ東西線,妙典駅
T-22,東京メトロ東西線,原木中山駅
T-23,東京メトロ東西線,西船橋駅
C-01,東京メトロ千代田線,代々木上原駅
C-02,東京メトロ千代田線,代々木公園駅
C-03,東京メトロ千代田線,明治神宮前〈原宿〉駅
C-04,東京メトロ千代田線,表参道駅
C-05,東京メトロ千代田線,乃木坂駅
C-06,東京メトロ千代田線,赤坂駅
C-07,東京メトロ千代田線,国会議事堂前駅
C-08,東京メトロ千代田線,霞ケ関駅
C-09,東京メトロ千代田線,日比谷駅
C-10,東京メトロ千代田線,二重橋前駅
C-11,東京メトロ千代田線,大手町駅
C-12,東京メトロ千代田線,新御茶ノ水駅
C-13,東京メトロ千代田線,湯島駅
C-14,東京メトロ千代田線,根津駅
C-15,東京メトロ千代田線,千駄木駅
C-16,東京メトロ千代田線,西日暮里駅
C-17,東京メトロ千代田線,町屋駅
C-18,東京メトロ千代田線,北千住駅
C-19,東京メトロ千代田線,綾瀬駅
C-20,東京メトロ千代田線,北綾瀬駅
Y-01,東京メトロ有楽町線,和光市駅
Y-02,東京メトロ有楽町線,地下鉄成増駅
Y-03,東京メトロ有楽町線,地下鉄赤塚駅
Y-04,東京メトロ有楽町線,平和台駅
Y-05,東京メトロ有楽町線,氷川台駅
Y-06,東京メトロ有楽町線,小竹向原駅
Y-07,東京メトロ有楽町線,千川駅
Y-08,東京メトロ有楽町線,要町駅
Y-09,東京メトロ有楽町線,池袋駅
Y-10,東京メトロ有楽町線,東池袋駅
Y-11,東京メトロ有楽町線,護国寺駅
Y-12,東京メトロ有楽町線,江戸川橋駅
Y-13,東京メトロ有楽町線,飯田橋駅
Y-14,東京メトロ有楽町線,市ケ谷駅
Y-15,東京メトロ有楽町線,麹町駅
Y-16,東京メトロ有楽町線,永田町駅
Y-17,東京メトロ有楽町線,桜田門駅
Y-18,東京メトロ有楽町線,有楽町駅
Y-19,東京メトロ有楽町線,銀座一丁目駅
Y-20,東京メトロ有楽町線,新富町駅
Y-21,東京メトロ有楽町線,月島駅
Y-22,東京メトロ有楽町線,豊洲駅
Y-23,東京メトロ有楽町線,辰巳駅
Y-24,東京メトロ有楽町線,新木場駅
Z-01,東京メトロ半蔵門線,渋谷駅
Z-02,東京メトロ半蔵門線,表参道駅
Z-03,東京メトロ半蔵門線,青山一丁目駅
Z-04,東京メトロ半蔵門線,永田町駅
Z-05,東京メトロ半蔵門線,半蔵門駅
Z-06,東京メトロ半蔵門線,九段下駅
Z-07,東京メトロ半蔵門線,神保町駅
Z-08,東京メトロ半蔵門線,大手町駅
Z-09,東京メトロ半蔵門線,三越前駅
Z-10,東京メトロ半蔵門線,水天宮前駅
Z-11,東京メトロ半蔵門線,清澄白河駅
Z-12,東京メトロ半蔵門線,住吉駅
Z-13,東京メトロ半蔵門線,錦糸町駅
Z-14,東京メトロ半蔵門線,押上〈スカイツリー前〉駅
N-01,東京メトロ南北線,目黒駅
N-02,東京メトロ南北線,白金台駅
N-03,東京メトロ南北線,白金高輪駅
N-04,東京メトロ南北線,麻布十番駅
N-05,東京メトロ南北線,六本木一丁目駅
N-06,東京メトロ南北線,溜池山王駅
N-07,東京メトロ南北線,永田町駅
N-08,東京メトロ南北線,四ツ谷駅
N-09,東京メトロ南北線,市ケ谷駅
N-10,東京メトロ南北線,飯田橋駅
N-11,東京メトロ南北線,後楽園駅
N-12,東京メトロ南北線,東大前駅
N-13,東京メトロ南北線,本駒込駅
N-14,東京メトロ南北線,駒込駅
N-15,東京メトロ南北線,西ケ原駅
N-16,東京メトロ南北線,王子駅
N-17,東京メトロ南北線,王子神谷駅
N-18,東京メトロ南北線,志茂駅
N-19,東京メトロ南北線,赤羽岩淵駅
F-01,東京メトロ副都心線,和光市駅
F-02,東京メトロ副都心線,地下鉄成増駅
F-03,東京メトロ副都心線,地下鉄赤塚駅
F-04,東京メトロ副都心線,平和台駅
F-05,東京メトロ副都心線,氷川台駅
F-06,東京メトロ副都心線,小竹向原駅
F-07,東京メトロ副都心線,千川駅
F-08,東京メトロ副都心線,要町駅
F-09,東京メトロ副都心線,池袋駅
F-10,東京メトロ副都心線,雑司が谷駅
F-11,東京メトロ副都心線,西早稲田駅
F-12,東京メトロ副都心線,東新宿駅
F-13,東京メトロ副都心線,新宿三丁目駅
F-14,東京メトロ副都心線,北参道駅
F-15,東京メトロ副都心線,明治神宮前〈原宿〉駅
F-16,東京メトロ副都心線,渋谷駅
A-01,都営地下鉄浅草線,西馬込駅
A-02,都営地下鉄浅草線,馬込駅
A-03,都営地下鉄浅草線,中延駅
A-04,都営地下鉄浅草線,戸越駅
A-05,都営地下鉄浅草線,五反田駅
A-06,都営地下鉄浅草線,高輪台駅
A-07,都営地下鉄浅草線,泉岳寺駅
A-08,都営地下鉄浅草線,三田駅
A-09,都営地下鉄浅草線,大門駅
A-10,都営地下鉄浅草線,新橋駅
A-11,都営地下鉄浅草線,東銀座駅
A-12,都営地下鉄浅草線,宝町駅
A-13,都営地下鉄浅草線,日本橋駅
A-14,都営地下鉄浅草線,人形町駅
A-15,都営地下鉄浅草線,東日本橋駅
A-16,都営地下鉄浅草線,浅草橋駅
A-17,都営地下鉄浅草線,蔵前駅
A-18,都営地下鉄浅草線,浅草駅
A-19,都営地下鉄浅草線,本所吾妻橋駅
A-20,都営地下鉄浅草線,押上駅
I-01,都営地下鉄三田線,目黒駅
I-02,都営地下鉄三田線,白金台駅
I-03,都営地下鉄三田線,白金高輪駅
I-04,都営地下鉄三田線,三田駅
I-05,都営地下鉄三田線,芝公園駅
I-06,都営地下鉄三田線,御成門駅
I-07,都営地下鉄三田線,内幸町駅
I-08,都営地下鉄三田線,日比谷駅
I-09,都営地下鉄三田線,大手町駅
I-10,都営地下鉄三田線,神保町駅
I-11,都営地下鉄三田線,水道橋駅
I-12,都営地下鉄三田線,春日駅
I-13,都営地下鉄三田線,白山駅
I-14,都営地下鉄三田線,千石駅
I-15,都営地下鉄三田線,巣鴨駅
I-16,都営地下鉄三田線,西巣鴨駅
I-17,都営地下鉄三田線,新板橋駅
I-18,都営地下鉄三田線,板橋区役所前駅
I-19,都営地下鉄三田線,板橋本町駅
I-20,都営地下鉄三田線,本蓮沼駅
I-21,都営地下鉄三田線,志村坂上駅
I-22,都営地下鉄三田線,志村三丁目駅
I-23,都営地下鉄三田線,蓮根駅
I-24,都営地下鉄三田線,西台駅
I-25,都営地下鉄三田線,高島平駅
I-26,都営地下鉄三田線,新高島平駅
I-27,都営地下鉄三田線,西高島平駅
S-01,都営地下鉄新宿線,新宿駅
S-02,都営地下鉄新宿線,新宿三丁目駅
S-03,都営地下鉄新宿線,曙橋駅
S-04,都営地下鉄新宿線,市ヶ谷駅
S-05,都営地下鉄新宿線,九段下駅
S-06,都営地下鉄新宿線,神保町駅
S-07,都営地下鉄新宿線,小川町駅
S-08,都営地下鉄新宿線,岩本町駅
S-09,都営地下鉄新宿線,馬喰横山駅
S-10,都営地下鉄新宿線,浜町駅
S-11,都営地下鉄新宿線,森下駅
S-12,都営地下鉄新宿線,菊川駅
S-13,都営地下鉄新宿線,住吉駅
S-14,都営地下鉄新宿線,西大島駅
S-15,都営地下鉄新宿線,大島駅
S-16,都営地下鉄新宿線,東大島駅
S-17,都営地下鉄新宿線,船堀駅
S-18,都営地下鉄新宿線,一之江駅
S-19,都営地下鉄新宿線,瑞江駅
S-20,都営地下鉄新宿線,篠崎駅
S-21,都営地下鉄新宿線,本八幡駅
E-28,都営地下鉄大江戸線,都庁前駅
E-01,都営地下鉄大江戸線,新宿西口駅
E-02,都営地下鉄大江戸線,東新宿駅
E-03,都営地下鉄大江戸線,若松河田駅
E-04,都営地下鉄大江戸線,牛込柳町駅
E-05,都営地下鉄大江戸線,牛込神楽坂駅
E-06,都営地下鉄大江戸線,飯田橋駅
E-07,都営地下鉄大江戸線,春日駅
E-08,都営地下鉄大江戸線,本郷三丁目駅
E-09,都営地下鉄大江戸線,上野御徒町駅
E-10,都営地下鉄大江戸線,新御徒町駅
E-11,都営地下鉄大江戸線,蔵前駅
E-12,都営地下鉄大江戸線,両国駅
E-13,都営地下鉄大江戸線,森下駅
E-14,都営地下鉄大江戸線,清澄白河駅
E-15,都営地下鉄大江戸線,門前仲町駅
E-16,都営地下鉄大江戸線,月島駅
E-17,都営地下鉄大江戸線,勝どき駅
E-18,都営地下鉄大江戸線,築地市場駅
E-19,都営地下鉄大江戸線,汐留駅
E-20,都営地下鉄大江戸線,大門駅
E-21,都営地下鉄大江戸線,赤羽橋駅
E-22,都営地下鉄大江戸線,麻布十番駅
E-23,都営地下鉄大江戸線,六本木駅
E-24,都営地下鉄大江戸線,青山一丁目駅
E-25,都営地下鉄大江戸線,国立競技場駅
E-26,都営地下鉄大江戸線,代々木駅
E-27,都営地下鉄大江戸線,新宿駅
E-28,都営地下鉄大江戸線,都庁前駅
E-29,都営地下鉄大江戸線,西新宿五丁目駅
E-30,都営地下鉄大江戸線,中野坂上駅
E-31,都営地下鉄大江戸線,東中野駅
E-32,都営地下鉄大江戸線,中井駅
E-33,都営地下鉄大江戸線,落合南長崎駅
E-34,都営地下鉄大江戸線,新江古田駅
E-35,都営地下鉄大江戸線,練馬駅
E-36,都営地下鉄大江戸線,豊島園駅
E-37,都営地下鉄大江戸線,練馬春日町駅
E-38,都営地下鉄大江戸線,光が丘駅
U-01,ゆりかもめ東京臨海新交通臨海線,新橋駅
U-02,ゆりかもめ東京臨海新交通臨海線,汐留駅
U-03,ゆりかもめ東京臨海新交通臨海線,竹芝駅
U-04,ゆりかもめ東京臨海新交通臨海線,日の出駅
U-05,ゆりかもめ東京臨海新交通臨海線,芝浦ふ頭駅
U-06,ゆりかもめ東京臨海新交通臨海線,お台場海浜公園駅
U-07,ゆりかもめ東京臨海新交通臨海線,台場駅
U-08,ゆりかもめ東京臨海新交通臨海線,船の科学館駅
U-09,ゆりかもめ東京臨海新交通臨海線,テレコムセンター駅
U-10,ゆりかもめ東京臨海新交通臨海線,青海駅
U-11,ゆりかもめ東京臨海新交通臨海線,国際展示場正門駅
U-12,ゆりかもめ東京臨海新交通臨海線,有明駅
U-13,ゆりかもめ東京臨海新交通臨海線,有明テニスの森駅
U-14,ゆりかもめ東京臨海新交通臨海線,市場前駅
U-15,ゆりかもめ東京臨海新交通臨海線,新豊洲駅
U-16,ゆりかもめ東京臨海新交通臨海線,豊洲駅
1,東京都交通局日暮里・舎人ライナー,日暮里駅
2,東京都交通局日暮里・舎人ライナー,西日暮里駅
3,東京都交通局日暮里・舎人ライナー,赤土小学校前駅
4,東京都交通局日暮里・舎人ライナー,熊野前駅
5,東京都交通局日暮里・舎人ライナー,足立小台駅
6,東京都交通局日暮里・舎人ライナー,扇大橋駅
7,東京都交通局日暮里・舎人ライナー,高野駅
8,東京都交通局日暮里・舎人ライナー,江北駅
9,東京都交通局日暮里・舎人ライナー,西新井大師西駅
10,東京都交通局日暮里・舎人ライナー,谷在家駅
11,東京都交通局日暮里・舎人ライナー,舎人公園駅
12,東京都交通局日暮里・舎人ライナー,舎人駅
13,東京都交通局日暮里・舎人ライナー,見沼代親水公園駅
KS01,京成本線,京成上野駅
KS02,京成本線,日暮里駅
KS03,京成本線,新三河島駅
KS04,京成本線,町屋駅
KS05,京成本線,千住大橋駅
KS06,京成本線,京成関屋駅
KS07,京成本線,堀切菖蒲園駅
KS08,京成本線,お花茶屋駅
KS09,京成本線,青砥駅
KS10,京成本線,京成高砂駅
KS11,京成本線,京成小岩駅
KS12,京成本線,江戸川駅
KS13,京成本線,国府台駅
KS14,京成本線,市川真間駅
KS15,京成本線,菅野駅
KS16,京成本線,京成八幡駅
KS17,京成本線,鬼越駅
KS18,京成本線,京成中山駅
KS19,京成本線,東中山駅
KS20,京成本線,京成西船駅
KS21,京成本線,海神駅
KS22,京成本線,京成船橋駅
KS23,京成本線,大神宮下駅
KS24,京成本線,船橋競馬場駅
KS25,京成本線,谷津駅
KS26,京成本線,京成津田沼駅
KS27,京成本線,京成大久保駅
KS28,京成本線,実籾駅
KS29,京成本線,八千代台駅
KS30,京成本線,京成大和田駅
KS31,京成本線,勝田台駅
KS32,京成本線,志津駅
KS33,京成本線,ユーカリが丘駅
KS34,京成本線,京成臼井駅
KS35,京成本線,京成佐倉駅
KS36,京成本線,大佐倉駅
KS37,京成本線,京成酒々井駅
KS38,京成本線,宗吾参道駅
KS39,京成本線,公津の杜駅
KS40,京成本線,京成成田駅
KS41,京成本線,空港第2ビル駅
KS42,京成本線,成田空港駅
KS10,成田スカイアクセス線,京成高砂駅
HS01,成田スカイアクセス線,新柴又駅
HS02,成田スカイアクセス線,矢切駅
HS03,成田スカイアクセス線,北国分駅（堀之内貝塚）
HS04,成田スカイアクセス線,秋山駅
HS05,成田スカイアクセス線,東松戸駅
HS06,成田スカイアクセス線,松飛台駅（八柱霊園）
HS07,成田スカイアクセス線,大町駅（市川市動植物園）
HS08,成田スカイアクセス線,新鎌ヶ谷駅
HS09,成田スカイアクセス線,西白井駅
HS10,成田スカイアクセス線,白井駅
HS11,成田スカイアクセス線,小室駅
HS12,成田スカイアクセス線,千葉ニュータウン中央駅
HS13,成田スカイアクセス線,印西牧の原駅
HS14,成田スカイアクセス線,印旛日本医大駅（松虫姫）
KS40,京成東成田線,京成成田駅
KS44,京成東成田線,東成田駅
KS45,京成押上線,押上駅
KS46,京成押上線,京成曳舟駅
KS47,京成押上線,八広駅
KS48,京成押上線,四ツ木駅
KS49,京成押上線,京成立石駅
KS09,京成押上線,青砥駅
KS10,京成金町線,京成高砂駅
KS50,京成金町線,柴又駅
KS51,京成金町線,京成金町駅
KS26,京成千葉線,京成津田沼駅
KS52,京成千葉線,京成幕張本郷駅
KS53,京成千葉線,京成幕張駅
KS54,京成千葉線,検見川駅
KS55,京成千葉線,京成稲毛駅
KS56,京成千葉線,みどり台駅
KS57,京成千葉線,西登戸駅
KS58,京成千葉線,新千葉駅
KS59,京成千葉線,京成千葉駅
KS60,京成千葉線,千葉中央駅
KS60,京成千原線,千葉中央駅
KS61,京成千原線,千葉寺駅
KS62,京成千原線,大森台駅
KS63,京成千原線,学園前駅
KS64,京成千原線,おゆみ野駅
KS65,京成千原線,ちはら台駅
KS44,芝山鉄道線,東成田駅
SR01,芝山鉄道線,芝山千代田駅
SL01,新京成電鉄新京成線,松戸駅
SL02,新京成電鉄新京成線,上本郷駅
SL03,新京成電鉄新京成線,松戸新田駅
SL04,新京成電鉄新京成線,みのり台駅
SL05,新京成電鉄新京成線,八柱駅
SL06,新京成電鉄新京成線,常盤平駅
SL07,新京成電鉄新京成線,五香駅
SL08,新京成電鉄新京成線,元山駅
SL09,新京成電鉄新京成線,くぬぎ山駅
SL10,新京成電鉄新京成線,北初富駅
SL11,新京成電鉄新京成線,新鎌ヶ谷駅
SL12,新京成電鉄新京成線,初富駅
SL13,新京成電鉄新京成線,鎌ヶ谷大仏駅
SL14,新京成電鉄新京成線,二和向台駅
SL15,新京成電鉄新京成線,三咲駅
SL16,新京成電鉄新京成線,滝不動駅
SL17,新京成電鉄新京成線,高根公団駅
SL18,新京成電鉄新京成線,高根木戸駅
SL19,新京成電鉄新京成線,北習志野駅
SL20,新京成電鉄新京成線,習志野駅
SL21,新京成電鉄新京成線,薬園台駅
SL22,新京成電鉄新京成線,前原駅
SL23,新京成電鉄新京成線,新津田沼駅
SL24,新京成電鉄新京成線,京成津田沼駅
A07,京急本線,泉岳寺駅
KK01,京急本線,品川駅
KK02,京急本線,北品川駅
KK03,京急本線,新馬場駅
KK04,京急本線,青物横丁駅
KK05,京急本線,鮫洲駅
KK06,京急本線,立会川駅
KK07,京急本線,大森海岸駅
KK08,京急本線,平和島駅
KK09,京急本線,大森町駅
KK10,京急本線,梅屋敷駅
KK11,京急本線,京急蒲田駅
KK18,京急本線,雑色駅
KK19,京急本線,六郷土手駅
KK20,京急本線,京急川崎駅
KK27,京急本線,八丁畷駅
KK28,京急本線,鶴見市場駅
KK29,京急本線,京急鶴見駅
KK30,京急本線,花月園前駅
KK31,京急本線,生麦駅
KK32,京急本線,京急新子安駅
KK33,京急本線,子安駅
KK34,京急本線,神奈川新町駅
KK35,京急本線,仲木戸駅
KK36,京急本線,神奈川駅
KK37,京急本線,横浜駅
KK38,京急本線,戸部駅
KK39,京急本線,日ノ出町駅
KK40,京急本線,黄金町駅
KK41,京急本線,南太田駅
KK42,京急本線,井土ヶ谷駅
KK43,京急本線,弘明寺駅
KK44,京急本線,上大岡駅
KK45,京急本線,屏風浦駅
KK46,京急本線,杉田駅
KK47,京急本線,京急富岡駅
KK48,京急本線,能見台駅
KK49,京急本線,金沢文庫駅
KK50,京急本線,金沢八景駅
KK54,京急本線,追浜駅
KK55,京急本線,京急田浦駅
KK56,京急本線,安針塚駅
KK57,京急本線,逸見駅
KK58,京急本線,汐入駅
KK59,京急本線,横須賀中央駅
KK60,京急本線,県立大学駅
KK61,京急本線,堀ノ内駅
KK62,京急本線,京急大津駅
KK63,京急本線,馬堀海岸駅
KK64,京急本線,浦賀駅
KK11,京急空港線,京急蒲田駅
KK12,京急空港線,糀谷駅
KK13,京急空港線,大鳥居駅
KK14,京急空港線,穴守稲荷駅
KK15,京急空港線,天空橋駅
KK16,京急空港線,羽田空港国際線ターミナル駅
KK17,京急空港線,羽田空港国内線ターミナル駅
KK20,京急大師線,京急川崎駅
KK21,京急大師線,港町駅
KK22,京急大師線,鈴木町駅
KK23,京急大師線,川崎大師駅
KK24,京急大師線,東門前駅
KK25,京急大師線,産業道路駅
KK26,京急大師線,小島新田駅
KK50,京急逗子線,金沢八景駅
KK51,京急逗子線,六浦駅
KK52,京急逗子線,神武寺駅
KK53,京急逗子線,新逗子駅
KK61,京急久里浜線,堀ノ内駅
KK65,京急久里浜線,新大津駅
KK66,京急久里浜線,北久里浜駅
KK67,京急久里浜線,京急久里浜駅
KK68,京急久里浜線,YRP野比駅
KK69,京急久里浜線,京急長沢駅
KK70,京急久里浜線,津久井浜駅
KK71,京急久里浜線,三浦海岸駅
KK72,京急久里浜線,三崎口駅
TY01,東急東横線,渋谷駅
TY02,東急東横線,代官山駅
TY03,東急東横線,中目黒駅
TY04,東急東横線,祐天寺駅
TY05,東急東横線,学芸大学駅
TY06,東急東横線,都立大学駅
TY07,東急東横線,自由が丘駅
TY08,東急東横線,田園調布駅
TY09,東急東横線,多摩川駅
TY10,東急東横線,新丸子駅
TY11,東急東横線,武蔵小杉駅
TY12,東急東横線,元住吉駅
TY13,東急東横線,日吉駅
TY14,東急東横線,綱島駅
TY15,東急東横線,大倉山駅
TY16,東急東横線,菊名駅
TY17,東急東横線,妙蓮寺駅
TY18,東急東横線,白楽駅
TY19,東急東横線,東白楽駅
TY20,東急東横線,反町駅
TY21,東急東横線,横浜駅
MG01,東急目黒線,目黒駅
MG02,東急目黒線,不動前駅
MG03,東急目黒線,武蔵小山駅
MG04,東急目黒線,西小山駅
MG05,東急目黒線,洗足駅
MG06,東急目黒線,大岡山駅
MG07,東急目黒線,奥沢駅
MG08,東急目黒線,田園調布駅
MG10,東急目黒線,新丸子駅
MG11,東急目黒線,武蔵小杉駅
MG12,東急目黒線,元住吉駅
MG13,東急目黒線,日吉駅
DT01,東急田園都市線,渋谷駅
DT02,東急田園都市線,池尻大橋駅
DT03,東急田園都市線,三軒茶屋駅
DT04,東急田園都市線,駒沢大学駅
DT05,東急田園都市線,桜新町駅
DT06,東急田園都市線,用賀駅
DT07,東急田園都市線,二子玉川駅
DT08,東急田園都市線,二子新地駅
DT09,東急田園都市線,高津駅
DT10,東急田園都市線,溝の口駅
DT11,東急田園都市線,梶が谷駅
DT12,東急田園都市線,宮崎台駅
DT13,東急田園都市線,宮前平駅
DT14,東急田園都市線,鷺沼駅
DT15,東急田園都市線,たまプラーザ駅
DT16,東急田園都市線,あざみ野駅
DT17,東急田園都市線,江田駅
DT18,東急田園都市線,市が尾駅
DT19,東急田園都市線,藤が丘駅
DT20,東急田園都市線,青葉台駅
DT21,東急田園都市線,田奈駅
DT22,東急田園都市線,長津田駅
DT23,東急田園都市線,つくし野駅
DT24,東急田園都市線,すずかけ台駅
DT25,東急田園都市線,南町田駅
DT26,東急田園都市線,つきみ野駅
DT27,東急田園都市線,中央林間駅
OM01,東急大井町線,大井町駅
OM02,東急大井町線,下神明駅
OM03,東急大井町線,戸越公園駅
OM04,東急大井町線,中延駅
OM05,東急大井町線,荏原町駅
OM06,東急大井町線,旗の台駅
OM07,東急大井町線,北千束駅
OM08,東急大井町線,大岡山駅
OM09,東急大井町線,緑が丘駅
OM10,東急大井町線,自由が丘駅
OM11,東急大井町線,九品仏駅
OM12,東急大井町線,尾山台駅
OM13,東急大井町線,等々力駅
OM14,東急大井町線,上野毛駅
OM15,東急大井町線,二子玉川駅
OM16,東急大井町線,溝の口駅
IK01,東急池上線,五反田駅
IK02,東急池上線,大崎広小路駅
IK03,東急池上線,戸越銀座駅
IK04,東急池上線,荏原中延駅
IK05,東急池上線,旗の台駅
IK06,東急池上線,長原駅
IK07,東急池上線,洗足池駅
IK08,東急池上線,石川台駅
IK09,東急池上線,雪が谷大塚駅
IK10,東急池上線,御嶽山駅
IK11,東急池上線,久が原駅
IK12,東急池上線,千鳥町駅
IK13,東急池上線,池上駅
IK14,東急池上線,蓮沼駅
IK15,東急池上線,蒲田駅
TM01,東急多摩川線,多摩川駅
TM02,東急多摩川線,沼部駅
TM03,東急多摩川線,鵜の木駅
TM04,東急多摩川線,下丸子駅
TM05,東急多摩川線,武蔵新田駅
TM06,東急多摩川線,矢口渡駅
TM07,東急多摩川線,蒲田駅
SG01,東急世田谷線,三軒茶屋駅
SG02,東急世田谷線,西太子堂駅
SG03,東急世田谷線,若林駅
SG04,東急世田谷線,松陰神社前駅
SG05,東急世田谷線,世田谷駅
SG06,東急世田谷線,上町駅
SG07,東急世田谷線,宮の坂駅
SG08,東急世田谷線,山下駅
SG09,東急世田谷線,松原駅
SG10,東急世田谷線,下高井戸駅
KD01,東急こどもの国線,長津田駅
KD02,東急こどもの国線,恩田駅
KD03,東急こどもの国線,こどもの国駅
MM01,横浜高速鉄道みなとみらい21線,横浜駅
MM02,横浜高速鉄道みなとみらい21線,新高島駅
MM03,横浜高速鉄道みなとみらい21線,みなとみらい駅
MM04,横浜高速鉄道みなとみらい21線,馬車道駅
MM05,横浜高速鉄道みなとみらい21線,日本大通り駅
MM06,横浜高速鉄道みなとみらい21線,元町・中華街駅
TS-01,東武伊勢崎線,浅草駅
TS-02,東武伊勢崎線,とうきょうスカイツリー駅
TS-03,東武伊勢崎線,押上〈スカイツリー前〉駅
TS-04,東武伊勢崎線,曳舟駅 
TS-05,東武伊勢崎線,東向島駅
TS-06,東武伊勢崎線,鐘ヶ淵駅 
TS-07,東武伊勢崎線,堀切駅
TS-08,東武伊勢崎線,牛田駅
TS-09,東武伊勢崎線,北千住駅 
TS-10,東武伊勢崎線,小菅駅
TS-11,東武伊勢崎線,五反野駅
TS-12,東武伊勢崎線,梅島駅
TS-13,東武伊勢崎線,西新井駅
TS-14,東武伊勢崎線,竹ノ塚駅
TS-15,東武伊勢崎線,谷塚駅
TS-16,東武伊勢崎線,草加駅 
TS-17,東武伊勢崎線,松原団地駅
TS-18,東武伊勢崎線,新田駅
TS-19,東武伊勢崎線,蒲生駅
TS-20,東武伊勢崎線,新越谷駅
TS-21,東武伊勢崎線,越谷駅 
TS-22,東武伊勢崎線,北越谷駅 
TS-23,東武伊勢崎線,大袋駅
TS-24,東武伊勢崎線,せんげん台駅 
TS-25,東武伊勢崎線,武里駅
TS-26,東武伊勢崎線,一ノ割駅
TS-27,東武伊勢崎線,春日部駅 
TS-28,東武伊勢崎線,北春日部駅 
TS-29,東武伊勢崎線,姫宮駅
TS-30,東武伊勢崎線,東武動物公園駅 
TI-01,東武伊勢崎線,和戸駅
TI-02,東武伊勢崎線,久喜駅 
TI-03,東武伊勢崎線,鷲宮駅
TI-04,東武伊勢崎線,花崎駅
TI-05,東武伊勢崎線,加須駅 
TI-06,東武伊勢崎線,南羽生駅
TI-07,東武伊勢崎線,羽生駅 
TI-08,東武伊勢崎線,川俣駅
TI-09,東武伊勢崎線,茂林寺前駅
TI-10,東武伊勢崎線,館林駅 
TI-11,東武伊勢崎線,多々良駅
TI-12,東武伊勢崎線,県駅
TI-13,東武伊勢崎線,福居駅
TI-14,東武伊勢崎線,東武和泉駅
TI-15,東武伊勢崎線,足利市駅
TI-16,東武伊勢崎線,野州山辺駅
TI-17,東武伊勢崎線,韮川駅
TI-18,東武伊勢崎線,太田駅 
TI-19,東武伊勢崎線,細谷駅
TI-20,東武伊勢崎線,木崎駅
TI-21,東武伊勢崎線,世良田駅
TI-22,東武伊勢崎線,境町駅
TI-23,東武伊勢崎線,剛志駅
TI-24,東武伊勢崎線,新伊勢崎駅
TI-25,東武伊勢崎線,伊勢崎駅
TS-44,東武亀戸線,亀戸駅
TS-43,東武亀戸線,亀戸水神駅
TS-42,東武亀戸線,東あずま駅
TS-41,東武亀戸線,小村井駅
TS-04,東武亀戸線,曳舟駅
TS-13,東武大師線,西新井駅
TS-51,東武大師線,大師前駅
TI-10,東武佐野線,館林駅
TI-31,東武佐野線,渡瀬駅
TI-32,東武佐野線,田島駅
TI-33,東武佐野線,佐野市駅
TI-34,東武佐野線,佐野駅
TI-35,東武佐野線,堀米駅
TI-36,東武佐野線,吉水駅
TI-37,東武佐野線,田沼駅
TI-38,東武佐野線,多田駅
TI-39,東武佐野線,葛生駅
TI-10,東武小泉線,館林駅
TI-41,東武小泉線,成島駅
TI-42,東武小泉線,本中野駅
TI-43,東武小泉線,篠塚駅
TI-44,東武小泉線,東小泉駅
TI-45,東武小泉線,小泉町駅
TI-46,東武小泉線,西小泉駅
TI-44,東武小泉線,東小泉駅
TI-47,東武小泉線,竜舞駅
TI-18,東武小泉線,太田駅
TI-18,東武桐生線,太田駅
TI-51,東武桐生線,三枚橋駅
TI-52,東武桐生線,治良門橋駅
TI-53,東武桐生線,藪塚駅
TI-54,東武桐生線,阿左美駅
TI-55,東武桐生線,新桐生駅
TI-56,東武桐生線,相老駅
TI-57,東武桐生線,赤城駅
TS-30,東武日光線,東武動物公園駅
TN-01,東武日光線,杉戸高野台駅
TN-02,東武日光線,幸手駅
TN-03,東武日光線,南栗橋駅
TN-04,東武日光線,栗橋駅
TN-05,東武日光線,新古河駅
TN-06,東武日光線,柳生駅
TN-07,東武日光線,板倉東洋大前駅
TN-08,東武日光線,藤岡駅
TN-09,東武日光線,静和駅
TN-10,東武日光線,新大平下駅
TN-11,東武日光線,栃木駅
TN-12,東武日光線,新栃木駅
TN-13,東武日光線,合戦場駅
TN-14,東武日光線,家中駅
TN-15,東武日光線,東武金崎駅
TN-16,東武日光線,楡木駅
TN-17,東武日光線,樅山駅
TN-18,東武日光線,新鹿沼駅
TN-19,東武日光線,北鹿沼駅
TN-20,東武日光線,板荷駅
TN-21,東武日光線,下小代駅
TN-22,東武日光線,明神駅
TN-23,東武日光線,下今市駅
TN-24,東武日光線,上今市駅
TN-25,東武日光線,東武日光駅
TN-12,東武宇都宮線,新栃木駅
TN-31,東武宇都宮線,野州平川駅
TN-32,東武宇都宮線,野州大塚駅
TN-33,東武宇都宮線,壬生駅
TN-34,東武宇都宮線,国谷駅
TN-35,東武宇都宮線,おもちゃのまち駅
TN-36,東武宇都宮線,安塚駅
TN-37,東武宇都宮線,西川田駅
TN-38,東武宇都宮線,江曽島駅
TN-39,東武宇都宮線,南宇都宮駅
TN-40,東武宇都宮線,東武宇都宮駅
TN-23,東武鬼怒川線,下今市駅
TN-51,東武鬼怒川線,大谷向駅
TN-52,東武鬼怒川線,大桑駅
TN-53,東武鬼怒川線,新高徳駅
TN-54,東武鬼怒川線,小佐越駅
TN-55,東武鬼怒川線,鬼怒川温泉駅
TN-56,東武鬼怒川線,鬼怒川公園駅
TN-57,東武鬼怒川線,新藤原駅
TD-01,東武野田線,大宮駅
TD-02,東武野田線,北大宮駅
TD-03,東武野田線,大宮公園駅
TD-04,東武野田線,大和田駅
TD-05,東武野田線,七里駅
TD-06,東武野田線,岩槻駅
TD-07,東武野田線,東岩槻駅
TD-08,東武野田線,豊春駅
TD-09,東武野田線,八木崎駅
TD-10,東武野田線,春日部駅
TD-11,東武野田線,藤の牛島駅
TD-12,東武野田線,南桜井駅
TD-13,東武野田線,川間駅
TD-14,東武野田線,七光台駅
TD-15,東武野田線,清水公園駅
TD-16,東武野田線,愛宕駅
TD-17,東武野田線,野田市駅
TD-18,東武野田線,梅郷駅
TD-19,東武野田線,運河駅
TD-20,東武野田線,江戸川台駅
TD-21,東武野田線,初石駅
TD-22,東武野田線,流山おおたかの森駅
TD-23,東武野田線,豊四季駅
TD-24,東武野田線,柏駅
TD-25,東武野田線,新柏駅
TD-26,東武野田線,増尾駅
TD-27,東武野田線,逆井駅
TD-28,東武野田線,高柳駅
TD-29,東武野田線,六実駅
TD-30,東武野田線,新鎌ヶ谷駅
TD-31,東武野田線,鎌ヶ谷駅
TD-32,東武野田線,馬込沢駅
TD-33,東武野田線,塚田駅
TD-34,東武野田線,新船橋駅
TD-35,東武野田線,船橋駅
TJ-01,東武東上本線,池袋駅
TJ-02,東武東上本線,北池袋駅
TJ-03,東武東上本線,下板橋駅
TJ-04,東武東上本線,大山駅
TJ-05,東武東上本線,中板橋駅
TJ-06,東武東上本線,ときわ台駅
TJ-07,東武東上本線,上板橋駅
TJ-08,東武東上本線,東武練馬駅
TJ-09,東武東上本線,下赤塚駅
TJ-10,東武東上本線,成増駅
TJ-11,東武東上本線,和光市駅
TJ-12,東武東上本線,朝霞駅
TJ-13,東武東上本線,朝霞台駅
TJ-14,東武東上本線,志木駅
TJ-15,東武東上本線,柳瀬川駅
TJ-16,東武東上本線,みずほ台駅
TJ-17,東武東上本線,鶴瀬駅
TJ-18,東武東上本線,ふじみ野駅
TJ-19,東武東上本線,上福岡駅
TJ-20,東武東上本線,新河岸駅
TJ-21,東武東上本線,川越駅
TJ-22,東武東上本線,川越市駅
TJ-23,東武東上本線,霞ヶ関駅
TJ-24,東武東上本線,鶴ヶ島駅
TJ-25,東武東上本線,若葉駅
TJ-26,東武東上本線,坂戸駅
TJ-27,東武東上本線,北坂戸駅
TJ-28,東武東上本線,高坂駅
TJ-29,東武東上本線,東松山駅
TJ-30,東武東上本線,森林公園駅
TJ-31,東武東上本線,つきのわ駅
TJ-32,東武東上本線,武蔵嵐山駅
TJ-33,東武東上本線,小川町駅
TJ-34,東武東上本線,東武竹沢駅
TJ-35,東武東上本線,男衾駅
TJ-36,東武東上本線,鉢形駅
TJ-37,東武東上本線,玉淀駅
TJ-38,東武東上本線,寄居駅
TJ-26,東武越生線,坂戸駅
TJ-41,東武越生線,一本松駅
TJ-42,東武越生線,西大家駅
TJ-43,東武越生線,川角駅
TJ-44,東武越生線,武州長瀬駅
TJ-45,東武越生線,東毛呂駅
TJ-46,東武越生線,武州唐沢駅
TJ-47,東武越生線,越生駅
SI01,西武池袋線,池袋駅
SI02,西武池袋線,椎名町駅
SI03,西武池袋線,東長崎駅
SI04,西武池袋線,江古田駅
SI05,西武池袋線,桜台駅
SI38,西武池袋線,新桜台駅
SI08,西武池袋線,富士見台駅
SI09,西武池袋線,練馬高野台駅
SI10,西武池袋線,石神井公園駅
SI11,西武池袋線,大泉学園駅
SI12,西武池袋線,保谷駅
SI13,西武池袋線,ひばりヶ丘駅
SI14,西武池袋線,東久留米駅
SI15,西武池袋線,清瀬駅
SI16,西武池袋線,秋津駅
SI17,西武池袋線,所沢駅
SI18,西武池袋線,西所沢駅
SI41,西武池袋線,西武球場前駅
SI20,西武池袋線,狭山ヶ丘駅
SI21,西武池袋線,武蔵藤沢駅
SI22,西武池袋線,稲荷山公園駅
SI23,西武池袋線,入間市駅
SI24,西武池袋線,仏子駅
SI25,西武池袋線,元加治駅
SI26,西武池袋線,飯能駅
SI27,西武池袋線,東飯能駅
SI28,西武池袋線,高麗駅
SI29,西武池袋線,武蔵横手駅
SI30,西武池袋線,東吾野駅
SI31,西武池袋線,吾野駅
SI32,西武池袋線,西吾野駅
SI33,西武池袋線,正丸駅
SI34,西武池袋線,芦ヶ久保駅
SI35,西武池袋線,横瀬駅
SI36,西武池袋線,西武秩父駅
SI31,西武秩父線,吾野駅
SI32,西武秩父線,西吾野駅
SI33,西武秩父線,正丸駅
SI34,西武秩父線,芦ヶ久保駅
SI35,西武秩父線,横瀬駅
SI36,西武秩父線,西武秩父駅
SI06,西武有楽町線,練馬駅
SI38,西武有楽町線,新桜台駅
SI37,西武有楽町線,小竹向原駅
SI06,西武豊島線,練馬駅
SI39,西武豊島線,豊島園駅
SI18,西武狭山線,西所沢駅
SI40,西武狭山線,下山口駅
SI41,西武狭山線,西武球場前駅
SS01,西武新宿線,西武新宿駅
SS02,西武新宿線,高田馬場駅
SS03,西武新宿線,下落合駅
SS04,西武新宿線,中井駅
SS05,西武新宿線,新井薬師前駅
SS06,西武新宿線,沼袋駅
SS07,西武新宿線,野方駅
SS08,西武新宿線,都立家政駅
SS09,西武新宿線,鷺ノ宮駅
SS10,西武新宿線,下井草駅
SS11,西武新宿線,井荻駅
SS12,西武新宿線,上井草駅
SS13,西武新宿線,上石神井駅
SS14,西武新宿線,武蔵関駅
SS15,西武新宿線,東伏見駅
SS16,西武新宿線,西武柳沢駅
SS17,西武新宿線,田無駅
SS18,西武新宿線,花小金井駅
SS19,西武新宿線,小平駅
SS20,西武新宿線,久米川駅
SS21,西武新宿線,東村山駅
SS22,西武新宿線,所沢駅
SS23,西武新宿線,航空公園駅
SS24,西武新宿線,新所沢駅
SS25,西武新宿線,入曽駅
SS26,西武新宿線,狭山市駅
SS27,西武新宿線,新狭山駅
SS28,西武新宿線,南大塚駅
SS29,西武新宿線,本川越駅
SS19,西武拝島線,小平駅
SS30,西武拝島線,萩山駅
SS31,西武拝島線,小川駅
SS32,西武拝島線,東大和市駅
SS33,西武拝島線,玉川上水駅
SS34,西武拝島線,武蔵砂川駅
SS35,西武拝島線,西武立川駅
SS36,西武拝島線,拝島駅
SY01,西武山口線,西武遊園地駅
SY02,西武山口線,遊園地西駅
SY03,西武山口線,西武球場前駅
SK01,西武国分寺線,国分寺駅
SK02,西武国分寺線,恋ヶ窪駅
SK03,西武国分寺線,鷹の台駅
SK04,西武国分寺線,小川駅
SK05,西武国分寺線,東村山駅
SK05,西武西武園線,東村山駅
SK06,西武西武園線,西武園駅
ST01,西武多摩湖線,国分寺駅
ST02,西武多摩湖線,一橋学園駅
ST03,西武多摩湖線,青梅街道駅
ST04,西武多摩湖線,萩山駅
ST05,西武多摩湖線,八坂駅
ST06,西武多摩湖線,武蔵大和駅
ST07,西武多摩湖線,西武遊園地駅
SW01,西武多摩川線,武蔵境駅
SW02,西武多摩川線,新小金井駅
SW03,西武多摩川線,多磨駅
SW04,西武多摩川線,白糸台駅
SW05,西武多摩川線,競艇場前駅
SW06,西武多摩川線,是政駅
KO01,京王線,新宿駅 
KO04,京王線,笹塚駅 
KO05,京王線,代田橋駅
KO06,京王線,明大前駅
KO07,京王線,下高井戸駅
KO08,京王線,桜上水駅 
KO09,京王線,上北沢駅
KO10,京王線,八幡山駅 
KO11,京王線,芦花公園駅
KO12,京王線,千歳烏山駅
KO13,京王線,仙川駅
KO14,京王線,つつじヶ丘駅
KO15,京王線,柴崎駅
KO16,京王線,国領駅 
KO17,京王線,布田駅 
KO18,京王線,調布駅 
KO19,京王線,西調布駅
KO20,京王線,飛田給駅 
KO21,京王線,武蔵野台駅
KO22,京王線,多磨霊園駅
KO23,京王線,東府中駅 
KO24,京王線,府中駅 
KO25,京王線,分倍河原駅
KO26,京王線,中河原駅
KO27,京王線,聖蹟桜ヶ丘駅
KO28,京王線,百草園駅
KO29,京王線,高幡不動駅 
KO30,京王線,南平駅
KO31,京王線,平山城址公園駅
KO32,京王線,長沼駅
KO33,京王線,北野駅 
KO34,京王線,京王八王子駅
KO01,京王新線,新線新宿駅
KO02,京王新線,初台駅
KO03,京王新線,幡ヶ谷駅
KO04,京王新線,笹塚駅
KO18,京王相模原線,調布駅
KO35,京王相模原線,京王多摩川駅
KO36,京王相模原線,京王稲田堤駅
KO37,京王相模原線,京王よみうりランド駅
KO38,京王相模原線,稲城駅
KO39,京王相模原線,若葉台駅
KO40,京王相模原線,京王永山駅
KO41,京王相模原線,京王多摩センター駅
KO42,京王相模原線,京王堀之内駅
KO43,京王相模原線,南大沢駅
KO44,京王相模原線,多摩境駅
KO45,京王相模原線,橋本駅
KO23,京王競馬場線,東府中駅
KO46,京王競馬場線,府中競馬正門前駅
KO29,京王動物園線,高幡不動駅
KO47,京王動物園線,多摩動物公園駅
KO33,京王高尾線,北野駅
KO48,京王高尾線,京王片倉駅
KO49,京王高尾線,山田駅
KO50,京王高尾線,めじろ台駅
KO51,京王高尾線,狭間駅
KO52,京王高尾線,高尾駅
KO53,京王高尾線,高尾山口駅
IN01,京王井の頭線,渋谷駅
IN02,京王井の頭線,神泉駅
IN03,京王井の頭線,駒場東大前駅
IN04,京王井の頭線,池ノ上駅
IN05,京王井の頭線,下北沢駅
IN06,京王井の頭線,新代田駅
IN07,京王井の頭線,東松原駅
IN08,京王井の頭線,明大前駅
IN09,京王井の頭線,永福町駅
IN10,京王井の頭線,西永福駅
IN11,京王井の頭線,浜田山駅
IN12,京王井の頭線,高井戸駅
IN13,京王井の頭線,富士見ヶ丘駅
IN14,京王井の頭線,久我山駅
IN15,京王井の頭線,三鷹台駅
IN16,京王井の頭線,井の頭公園駅
IN17,京王井の頭線,吉祥寺駅
OH01,小田急小田原線,新宿駅
OH02,小田急小田原線,南新宿駅
OH03,小田急小田原線,参宮橋駅
OH04,小田急小田原線,代々木八幡駅
OH05,小田急小田原線,代々木上原駅
OH06,小田急小田原線,東北沢駅
OH07,小田急小田原線,下北沢駅
OH08,小田急小田原線,世田谷代田駅
OH09,小田急小田原線,梅ヶ丘駅
OH10,小田急小田原線,豪徳寺駅
OH11,小田急小田原線,経堂駅
OH12,小田急小田原線,千歳船橋駅
OH13,小田急小田原線,祖師ヶ谷大蔵駅
OH14,小田急小田原線,成城学園前駅
OH15,小田急小田原線,喜多見駅
OH16,小田急小田原線,狛江駅
OH17,小田急小田原線,和泉多摩川駅
OH18,小田急小田原線,登戸駅
OH19,小田急小田原線,向ヶ丘遊園駅
OH20,小田急小田原線,生田駅
OH21,小田急小田原線,読売ランド前駅
OH22,小田急小田原線,百合ヶ丘駅
OH23,小田急小田原線,新百合ヶ丘駅
OH24,小田急小田原線,柿生駅
OH25,小田急小田原線,鶴川駅
OH26,小田急小田原線,玉川学園前駅
OH27,小田急小田原線,町田駅
OH28,小田急小田原線,相模大野駅
OH29,小田急小田原線,小田急相模原駅
OH30,小田急小田原線,相武台前駅
OH31,小田急小田原線,座間駅
OH32,小田急小田原線,海老名駅
OH33,小田急小田原線,厚木駅
OH34,小田急小田原線,本厚木駅
OH35,小田急小田原線,愛甲石田駅
OH36,小田急小田原線,伊勢原駅
OH37,小田急小田原線,鶴巻温泉駅
OH38,小田急小田原線,東海大学前駅
OH39,小田急小田原線,秦野駅
OH40,小田急小田原線,渋沢駅
OH41,小田急小田原線,新松田駅
OH42,小田急小田原線,開成駅
OH43,小田急小田原線,栢山駅
OH44,小田急小田原線,富水駅
OH45,小田急小田原線,螢田駅
OH46,小田急小田原線,足柄駅
OH47,小田急小田原線,小田原駅
OH28,小田急江ノ島線,相模大野駅
OE01,小田急江ノ島線,東林間駅
OE02,小田急江ノ島線,中央林間駅
OE03,小田急江ノ島線,南林間駅
OE04,小田急江ノ島線,鶴間駅
OE05,小田急江ノ島線,大和駅
OE06,小田急江ノ島線,桜ヶ丘駅
OE07,小田急江ノ島線,高座渋谷駅
OE08,小田急江ノ島線,長後駅
OE09,小田急江ノ島線,湘南台駅
OE10,小田急江ノ島線,六会日大前駅
OE11,小田急江ノ島線,善行駅
OE12,小田急江ノ島線,藤沢本町駅
OE13,小田急江ノ島線,藤沢駅
OE14,小田急江ノ島線,本鵠沼駅
OE15,小田急江ノ島線,鵠沼海岸駅
OE16,小田急江ノ島線,片瀬江ノ島駅
OH23,小田急多摩線,新百合ヶ丘駅
OT01,小田急多摩線,五月台駅
OT02,小田急多摩線,栗平駅
OT03,小田急多摩線,黒川駅
OT04,小田急多摩線,はるひ野駅
OT05,小田急多摩線,小田急永山駅
OT06,小田急多摩線,小田急多摩センター駅
OT07,小田急多摩線,唐木田駅
OH47,箱根登山鉄道鉄道線,小田原駅
OH48,箱根登山鉄道鉄道線,箱根板橋駅
OH49,箱根登山鉄道鉄道線,風祭駅
OH50,箱根登山鉄道鉄道線,入生田駅
OH51,箱根登山鉄道鉄道線,箱根湯本駅
OH52,箱根登山鉄道鉄道線,塔ノ沢駅
OH53,箱根登山鉄道鉄道線,大平台駅
OH54,箱根登山鉄道鉄道線,宮ノ下駅
OH55,箱根登山鉄道鉄道線,小涌谷駅
OH56,箱根登山鉄道鉄道線,彫刻の森駅
OH57,箱根登山鉄道鉄道線,強羅駅
OH57,箱根登山鉄道鋼索線,強羅駅
OH58,箱根登山鉄道鋼索線,公園下駅
OH59,箱根登山鉄道鋼索線,公園上駅
OH60,箱根登山鉄道鋼索線,中強羅駅
OH61,箱根登山鉄道鋼索線,上強羅駅
OH62,箱根登山鉄道鋼索線,早雲山駅
SO01,相鉄本線,横浜駅
SO02,相鉄本線,平沼橋駅
SO03,相鉄本線,西横浜駅
SO04,相鉄本線,天王町駅
SO05,相鉄本線,星川駅
SO06,相鉄本線,和田町駅
SO07,相鉄本線,上星川駅
SO08,相鉄本線,西谷駅
SO09,相鉄本線,鶴ヶ峰駅
SO10,相鉄本線,二俣川駅
SO11,相鉄本線,希望ヶ丘駅
SO12,相鉄本線,三ツ境駅
SO13,相鉄本線,瀬谷駅
SO14,相鉄本線,大和駅
SO15,相鉄本線,相模大塚駅
SO16,相鉄本線,さがみ野駅
SO17,相鉄本線,かしわ台駅
SO18,相鉄本線,海老名駅
SO10,相鉄いずみ野線,二俣川駅
SO31,相鉄いずみ野線,南万騎が原駅
SO32,相鉄いずみ野線,緑園都市駅
SO33,相鉄いずみ野線,弥生台駅
SO34,相鉄いずみ野線,いずみ野駅
SO35,相鉄いずみ野線,いずみ中央駅
SO36,相鉄いずみ野線,ゆめが丘駅
SO37,相鉄いずみ野線,湘南台駅
1,首都圏新都市鉄道つくばエクスプレス,秋葉原駅
2,首都圏新都市鉄道つくばエクスプレス,新御徒町駅
3,首都圏新都市鉄道つくばエクスプレス,浅草駅
4,首都圏新都市鉄道つくばエクスプレス,南千住駅
5,首都圏新都市鉄道つくばエクスプレス,北千住駅
6,首都圏新都市鉄道つくばエクスプレス,青井駅
7,首都圏新都市鉄道つくばエクスプレス,六町駅
8,首都圏新都市鉄道つくばエクスプレス,八潮駅
9,首都圏新都市鉄道つくばエクスプレス,三郷中央駅
10,首都圏新都市鉄道つくばエクスプレス,南流山駅
11,首都圏新都市鉄道つくばエクスプレス,流山セントラルパーク駅
12,首都圏新都市鉄道つくばエクスプレス,流山おおたかの森駅
13,首都圏新都市鉄道つくばエクスプレス,柏の葉キャンパス駅
14,首都圏新都市鉄道つくばエクスプレス,柏たなか駅
15,首都圏新都市鉄道つくばエクスプレス,守谷駅
17,首都圏新都市鉄道つくばエクスプレス,みどりの駅
18,首都圏新都市鉄道つくばエクスプレス,万博記念公園駅
19,首都圏新都市鉄道つくばエクスプレス,研究学園駅
20,首都圏新都市鉄道つくばエクスプレス,つくば駅
B01,横浜市営地下鉄ブルーライン,湘南台駅
B02,横浜市営地下鉄ブルーライン,下飯田駅
B03,横浜市営地下鉄ブルーライン,立場駅
B04,横浜市営地下鉄ブルーライン,中田駅
B05,横浜市営地下鉄ブルーライン,踊場駅
B06,横浜市営地下鉄ブルーライン,戸塚駅
B07,横浜市営地下鉄ブルーライン,舞岡駅
B08,横浜市営地下鉄ブルーライン,下永谷駅
B09,横浜市営地下鉄ブルーライン,上永谷駅
B10,横浜市営地下鉄ブルーライン,港南中央駅
B11,横浜市営地下鉄ブルーライン,上大岡駅
B12,横浜市営地下鉄ブルーライン,弘明寺駅
B13,横浜市営地下鉄ブルーライン,蒔田駅
B14,横浜市営地下鉄ブルーライン,吉野町駅
B15,横浜市営地下鉄ブルーライン,阪東橋駅
B16,横浜市営地下鉄ブルーライン,伊勢佐木長者町駅
B17,横浜市営地下鉄ブルーライン,関内駅
B18,横浜市営地下鉄ブルーライン,桜木町駅
B19,横浜市営地下鉄ブルーライン,高島町駅
B20,横浜市営地下鉄ブルーライン,横浜駅
B21,横浜市営地下鉄ブルーライン,三ツ沢下町駅
B22,横浜市営地下鉄ブルーライン,三ツ沢上町駅
B23,横浜市営地下鉄ブルーライン,片倉町駅
B24,横浜市営地下鉄ブルーライン,岸根公園駅
B25,横浜市営地下鉄ブルーライン,新横浜駅
B26,横浜市営地下鉄ブルーライン,北新横浜駅
B27,横浜市営地下鉄ブルーライン,新羽駅
B28,横浜市営地下鉄ブルーライン,仲町台駅
B29,横浜市営地下鉄ブルーライン,センター南駅
B30,横浜市営地下鉄ブルーライン,センター北駅
B31,横浜市営地下鉄ブルーライン,中川駅
B32,横浜市営地下鉄ブルーライン,あざみ野駅
G01,横浜市営地下鉄グリーンライン,中山駅
G02,横浜市営地下鉄グリーンライン,川和町駅
G03,横浜市営地下鉄グリーンライン,都筑ふれあいの丘駅
G04,横浜市営地下鉄グリーンライン,センター南駅
G05,横浜市営地下鉄グリーンライン,センター北駅
G06,横浜市営地下鉄グリーンライン,北山田駅
G07,横浜市営地下鉄グリーンライン,東山田駅
G08,横浜市営地下鉄グリーンライン,高田駅
G09,横浜市営地下鉄グリーンライン,日吉本町駅
G10,横浜市営地下鉄グリーンライン,日吉駅
1,横浜シーサイドライン金沢シーサイドライン,新杉田駅
2,横浜シーサイドライン金沢シーサイドライン,南部市場駅
3,横浜シーサイドライン金沢シーサイドライン,鳥浜駅
4,横浜シーサイドライン金沢シーサイドライン,並木北駅
5,横浜シーサイドライン金沢シーサイドライン,並木中央駅
6,横浜シーサイドライン金沢シーサイドライン,幸浦駅
7,横浜シーサイドライン金沢シーサイドライン,産業振興センター駅
8,横浜シーサイドライン金沢シーサイドライン,福浦駅
9,横浜シーサイドライン金沢シーサイドライン,市大医学部駅
10,横浜シーサイドライン金沢シーサイドライン,八景島駅
11,横浜シーサイドライン金沢シーサイドライン,海の公園柴口駅
12,横浜シーサイドライン金沢シーサイドライン,海の公園南口駅
13,横浜シーサイドライン金沢シーサイドライン,野島公園駅
14,横浜シーサイドライン金沢シーサイドライン,金沢八景駅
EN01,江ノ島電鉄線,藤沢駅
EN02,江ノ島電鉄線,石上駅
EN03,江ノ島電鉄線,柳小路駅
EN04,江ノ島電鉄線,鵠沼駅
EN05,江ノ島電鉄線,湘南海岸公園駅
EN06,江ノ島電鉄線,江ノ島駅
EN07,江ノ島電鉄線,腰越駅
EN08,江ノ島電鉄線,鎌倉高校前駅
EN09,江ノ島電鉄線,七里ヶ浜駅
EN10,江ノ島電鉄線,稲村ヶ崎駅
EN11,江ノ島電鉄線,極楽寺駅
EN12,江ノ島電鉄線,長谷駅
EN13,江ノ島電鉄線,由比ヶ浜駅
EN14,江ノ島電鉄線,和田塚駅
EN15,江ノ島電鉄線,鎌倉駅
TR01,東葉高速鉄道東葉高速線,西船橋駅
TR02,東葉高速鉄道東葉高速線,東海神駅
TR03,東葉高速鉄道東葉高速線,飯山満駅
TR04,東葉高速鉄道東葉高速線,北習志野駅
TR05,東葉高速鉄道東葉高速線,船橋日大前駅
TR06,東葉高速鉄道東葉高速線,八千代緑が丘駅
TR07,東葉高速鉄道東葉高速線,八千代中央駅
TR08,東葉高速鉄道東葉高速線,村上駅
TR09,東葉高速鉄道東葉高速線,東葉勝田台駅
FJ01,富士急行線,大月駅
FJ02,富士急行線,上大月駅
FJ03,富士急行線,田野倉駅
FJ04,富士急行線,禾生駅
FJ05,富士急行線,赤坂駅
FJ06,富士急行線,都留市駅
FJ07,富士急行線,谷村町駅
FJ08,富士急行線,都留文科大学前駅
FJ09,富士急行線,十日市場駅
FJ10,富士急行線,東桂駅
FJ11,富士急行線,三つ峠駅
FJ12,富士急行線,寿駅
FJ13,富士急行線,葭池温泉前駅
FJ14,富士急行線,下吉田駅
FJ15,富士急行線,月江寺駅
FJ16,富士急行線,富士山駅
FJ17,富士急行線,富士急ハイランド駅
FJ18,富士急行線,河口湖駅
N1,長野電鉄長野線,長野駅
N2,長野電鉄長野線,市役所前駅
N3,長野電鉄長野線,権堂駅
N4,長野電鉄長野線,善光寺下駅
N5,長野電鉄長野線,本郷駅
N6,長野電鉄長野線,桐原駅
N7,長野電鉄長野線,信濃吉田駅
N8,長野電鉄長野線,朝陽駅
N9,長野電鉄長野線,附属中学前駅
N10,長野電鉄長野線,柳原駅
N11,長野電鉄長野線,村山駅
N12,長野電鉄長野線,日野駅
N13,長野電鉄長野線,須坂駅
N14,長野電鉄長野線,北須坂駅
N15,長野電鉄長野線,小布施駅
N16,長野電鉄長野線,都住駅
N17,長野電鉄長野線,桜沢駅
N18,長野電鉄長野線,延徳駅
N19,長野電鉄長野線,信州中野駅
N20,長野電鉄長野線,中野松川駅
N21,長野電鉄長野線,信濃竹原駅
N22,長野電鉄長野線,夜間瀬駅
N23,長野電鉄長野線,上条駅
N24,長野電鉄長野線,湯田中駅
Y1,長野電鉄屋代線,屋代駅
Y2,長野電鉄屋代線,東屋代駅
Y3,長野電鉄屋代線,雨宮駅
Y4,長野電鉄屋代線,岩野駅
Y5,長野電鉄屋代線,象山口駅
Y6,長野電鉄屋代線,松代駅
Y7,長野電鉄屋代線,金井山駅
Y8,長野電鉄屋代線,大室駅
Y9,長野電鉄屋代線,信濃川田駅
Y10,長野電鉄屋代線,若穂駅
Y11,長野電鉄屋代線,綿内駅
Y12,長野電鉄屋代線,井上駅
NY13,長野電鉄屋代線,須坂駅
S01,静岡鉄道静岡清水線,新静岡駅
S02,静岡鉄道静岡清水線,日吉町駅
S03,静岡鉄道静岡清水線,音羽町駅
S04,静岡鉄道静岡清水線,春日町駅
S05,静岡鉄道静岡清水線,柚木駅
S06,静岡鉄道静岡清水線,長沼駅
S07,静岡鉄道静岡清水線,古庄駅
S08,静岡鉄道静岡清水線,県総合運動場駅
S09,静岡鉄道静岡清水線,県立美術館前駅
S10,静岡鉄道静岡清水線,草薙駅
S11,静岡鉄道静岡清水線,御門台駅
S12,静岡鉄道静岡清水線,狐ヶ崎駅
S13,静岡鉄道静岡清水線,桜橋駅
S14,静岡鉄道静岡清水線,入江岡駅
S15,静岡鉄道静岡清水線,新清水駅
1,遠州鉄道鉄道線,新浜松駅
2,遠州鉄道鉄道線,第一通り駅
3,遠州鉄道鉄道線,遠州病院駅
4,遠州鉄道鉄道線,八幡駅
5,遠州鉄道鉄道線,助信駅
6,遠州鉄道鉄道線,曳馬駅
7,遠州鉄道鉄道線,上島駅
8,遠州鉄道鉄道線,自動車学校前駅
9,遠州鉄道鉄道線,さぎの宮駅
10,遠州鉄道鉄道線,積志駅
11,遠州鉄道鉄道線,遠州西ヶ崎駅
12,遠州鉄道鉄道線,遠州小松駅
13,遠州鉄道鉄道線,浜北駅
14,遠州鉄道鉄道線,美薗中央公園駅
15,遠州鉄道鉄道線,遠州小林駅
16,遠州鉄道鉄道線,遠州芝本駅
17,遠州鉄道鉄道線,遠州岩水寺駅
18,遠州鉄道鉄道線,西鹿島駅
1,豊橋鉄道東田本線,駅前停留場
2,豊橋鉄道東田本線,駅前大通停留場
3,豊橋鉄道東田本線,新川停留場
4,豊橋鉄道東田本線,札木停留場
5,豊橋鉄道東田本線,市役所前停留場
6,豊橋鉄道東田本線,豊橋公園前停留場
7,豊橋鉄道東田本線,東八町停留場
8,豊橋鉄道東田本線,前畑停留場
9,豊橋鉄道東田本線,東田坂上停留場
10,豊橋鉄道東田本線,東田停留場
11,豊橋鉄道東田本線,競輪場前停留場
12,豊橋鉄道東田本線,井原停留場
13,豊橋鉄道東田本線,赤岩口停留場
12,豊橋鉄道東田本線,井原停留場
14,豊橋鉄道東田本線,運動公園前停留場
1,豊橋鉄道渥美線,新豊橋駅
2,豊橋鉄道渥美線,柳生橋駅
3,豊橋鉄道渥美線,小池駅
4,豊橋鉄道渥美線,愛知大学前駅
5,豊橋鉄道渥美線,南栄駅
6,豊橋鉄道渥美線,高師駅
7,豊橋鉄道渥美線,芦原駅
8,豊橋鉄道渥美線,植田駅
9,豊橋鉄道渥美線,向ヶ丘駅
10,豊橋鉄道渥美線,大清水駅
11,豊橋鉄道渥美線,老津駅
12,豊橋鉄道渥美線,杉山駅
13,豊橋鉄道渥美線,やぐま台駅
14,豊橋鉄道渥美線,豊島駅
15,豊橋鉄道渥美線,神戸駅
16,豊橋鉄道渥美線,三河田原駅
H02,名古屋市営地下鉄東山線,八田駅
H03,名古屋市営地下鉄東山線,岩塚駅
H04,名古屋市営地下鉄東山線,中村公園駅
H05,名古屋市営地下鉄東山線,中村日赤駅
H06,名古屋市営地下鉄東山線,本陣駅
H07,名古屋市営地下鉄東山線,亀島駅
H08,名古屋市営地下鉄東山線,名古屋駅
H09,名古屋市営地下鉄東山線,伏見駅
H10,名古屋市営地下鉄東山線,栄駅
H11,名古屋市営地下鉄東山線,新栄町駅
H12,名古屋市営地下鉄東山線,千種駅
H13,名古屋市営地下鉄東山線,今池駅
H14,名古屋市営地下鉄東山線,池下駅
H15,名古屋市営地下鉄東山線,覚王山駅
H16,名古屋市営地下鉄東山線,本山駅
H17,名古屋市営地下鉄東山線,東山公園駅
H18,名古屋市営地下鉄東山線,星ヶ丘駅
H19,名古屋市営地下鉄東山線,一社駅
H20,名古屋市営地下鉄東山線,上社駅
H21,名古屋市営地下鉄東山線,本郷駅
H22,名古屋市営地下鉄東山線,藤が丘駅
M01,名古屋市営地下鉄名城線,金山駅
M02,名古屋市営地下鉄名城線,東別院駅
M03,名古屋市営地下鉄名城線,上前津駅
M04,名古屋市営地下鉄名城線,矢場町駅
M05,名古屋市営地下鉄名城線,栄駅
M06,名古屋市営地下鉄名城線,久屋大通駅
M07,名古屋市営地下鉄名城線,市役所駅
M08,名古屋市営地下鉄名城線,名城公園駅
M09,名古屋市営地下鉄名城線,黒川駅
M10,名古屋市営地下鉄名城線,志賀本通駅
M11,名古屋市営地下鉄名城線,平安通駅
M12,名古屋市営地下鉄名城線,大曽根駅
M13,名古屋市営地下鉄名城線,ナゴヤドーム前矢田駅
M14,名古屋市営地下鉄名城線,砂田橋駅
M15,名古屋市営地下鉄名城線,茶屋ヶ坂駅
M16,名古屋市営地下鉄名城線,自由ヶ丘駅
M17,名古屋市営地下鉄名城線,本山駅
M18,名古屋市営地下鉄名城線,名古屋大学駅
M19,名古屋市営地下鉄名城線,八事日赤駅
M20,名古屋市営地下鉄名城線,八事駅
M21,名古屋市営地下鉄名城線,総合リハビリセンター駅
M22,名古屋市営地下鉄名城線,瑞穂運動場東駅
M23,名古屋市営地下鉄名城線,新瑞橋駅
M24,名古屋市営地下鉄名城線,妙音通駅
M25,名古屋市営地下鉄名城線,堀田駅
M26,名古屋市営地下鉄名城線,伝馬町駅
M27,名古屋市営地下鉄名城線,神宮西駅
M28,名古屋市営地下鉄名城線,西高蔵駅
E01,名古屋市営地下鉄名港線,金山駅
E02,名古屋市営地下鉄名港線,日比野駅
E03,名古屋市営地下鉄名港線,六番町駅
E04,名古屋市営地下鉄名港線,東海通駅
E05,名古屋市営地下鉄名港線,港区役所駅
E06,名古屋市営地下鉄名港線,築地口駅
E07,名古屋市営地下鉄名港線,名古屋港駅
T01,名古屋市営地下鉄鶴舞線,上小田井駅
T02,名古屋市営地下鉄鶴舞線,庄内緑地公園駅
T03,名古屋市営地下鉄鶴舞線,庄内通駅
T04,名古屋市営地下鉄鶴舞線,浄心駅
T05,名古屋市営地下鉄鶴舞線,浅間町駅
T06,名古屋市営地下鉄鶴舞線,丸の内駅
T07,名古屋市営地下鉄鶴舞線,伏見駅
T08,名古屋市営地下鉄鶴舞線,大須観音駅
T09,名古屋市営地下鉄鶴舞線,上前津駅
T10,名古屋市営地下鉄鶴舞線,鶴舞駅
T11,名古屋市営地下鉄鶴舞線,荒畑駅
T12,名古屋市営地下鉄鶴舞線,御器所駅
T13,名古屋市営地下鉄鶴舞線,川名駅
T14,名古屋市営地下鉄鶴舞線,いりなか駅
T15,名古屋市営地下鉄鶴舞線,八事駅
T16,名古屋市営地下鉄鶴舞線,塩釜口駅
T17,名古屋市営地下鉄鶴舞線,植田駅
T18,名古屋市営地下鉄鶴舞線,原駅
T19,名古屋市営地下鉄鶴舞線,平針駅
T20,名古屋市営地下鉄鶴舞線,赤池駅
S01,名古屋市営地下鉄桜通線,中村区役所駅
S02,名古屋市営地下鉄桜通線,名古屋駅
S03,名古屋市営地下鉄桜通線,国際センター駅
S04,名古屋市営地下鉄桜通線,丸の内駅
S05,名古屋市営地下鉄桜通線,久屋大通駅
S06,名古屋市営地下鉄桜通線,高岳駅
S07,名古屋市営地下鉄桜通線,車道駅
S08,名古屋市営地下鉄桜通線,今池駅
S09,名古屋市営地下鉄桜通線,吹上駅
S10,名古屋市営地下鉄桜通線,御器所駅
S11,名古屋市営地下鉄桜通線,桜山駅
S12,名古屋市営地下鉄桜通線,瑞穂区役所駅
S13,名古屋市営地下鉄桜通線,瑞穂運動場西駅
S14,名古屋市営地下鉄桜通線,新瑞橋駅
S15,名古屋市営地下鉄桜通線,桜本町駅
S16,名古屋市営地下鉄桜通線,鶴里駅
S17,名古屋市営地下鉄桜通線,野並駅
S18,名古屋市営地下鉄桜通線,鳴子北駅
S19,名古屋市営地下鉄桜通線,相生山駅
S20,名古屋市営地下鉄桜通線,神沢駅
S21,名古屋市営地下鉄桜通線,徳重駅
K01,名古屋市営地下鉄上飯田線,上飯田駅
K02,名古屋市営地下鉄上飯田線,平安通駅
Y01,名古屋ガイドウェイバスガイドウェイバス志段味線,大曽根駅
Y02,名古屋ガイドウェイバスガイドウェイバス志段味線,ナゴヤドーム前矢田駅
Y03,名古屋ガイドウェイバスガイドウェイバス志段味線,砂田橋駅
Y04,名古屋ガイドウェイバスガイドウェイバス志段味線,守山駅
Y05,名古屋ガイドウェイバスガイドウェイバス志段味線,金屋駅
Y06,名古屋ガイドウェイバスガイドウェイバス志段味線,川宮駅
Y07,名古屋ガイドウェイバスガイドウェイバス志段味線,川村駅
Y08,名古屋ガイドウェイバスガイドウェイバス志段味線,白沢渓谷駅
Y09,名古屋ガイドウェイバスガイドウェイバス志段味線,小幡緑地駅
AN01,名古屋臨海高速鉄道西名古屋港線,名古屋駅
AN02,名古屋臨海高速鉄道西名古屋港線,ささしまライブ駅
AN03,名古屋臨海高速鉄道西名古屋港線,小本駅
AN04,名古屋臨海高速鉄道西名古屋港線,荒子駅
AN05,名古屋臨海高速鉄道西名古屋港線,南荒子駅
AN06,名古屋臨海高速鉄道西名古屋港線,中島駅
AN07,名古屋臨海高速鉄道西名古屋港線,名古屋競馬場前駅
AN08,名古屋臨海高速鉄道西名古屋港線,荒子川公園駅
AN09,名古屋臨海高速鉄道西名古屋港線,稲永駅
AN10,名古屋臨海高速鉄道西名古屋港線,野跡駅
AN11,名古屋臨海高速鉄道西名古屋港線,金城ふ頭駅
L01,愛知高速交通東部丘陵線,藤が丘駅
L02,愛知高速交通東部丘陵線,はなみずき通駅
L03,愛知高速交通東部丘陵線,杁ヶ池公園駅
L04,愛知高速交通東部丘陵線,長久手古戦場駅
L05,愛知高速交通東部丘陵線,芸大通駅
L06,愛知高速交通東部丘陵線,公園西駅
L07,愛知高速交通東部丘陵線,愛・地球博記念公園駅
L08,愛知高速交通東部丘陵線,陶磁資料館南駅
L09,愛知高速交通東部丘陵線,八草駅
1,愛知環状鉄道線,岡崎駅
2,愛知環状鉄道線,六名駅
3,愛知環状鉄道線,中岡崎駅
4,愛知環状鉄道線,北岡崎駅
5,愛知環状鉄道線,大門駅
6,愛知環状鉄道線,北野桝塚駅
7,愛知環状鉄道線,三河上郷駅
8,愛知環状鉄道線,永覚駅
9,愛知環状鉄道線,末野原駅
10,愛知環状鉄道線,三河豊田駅
11,愛知環状鉄道線,新上挙母駅
12,愛知環状鉄道線,新豊田駅
13,愛知環状鉄道線,愛環梅坪駅
14,愛知環状鉄道線,四郷駅
15,愛知環状鉄道線,貝津駅
16,愛知環状鉄道線,保見駅
17,愛知環状鉄道線,篠原駅
18,愛知環状鉄道線,八草駅
19,愛知環状鉄道線,山口駅
20,愛知環状鉄道線,瀬戸口駅
21,愛知環状鉄道線,瀬戸市駅
22,愛知環状鉄道線,中水野駅
23,愛知環状鉄道線,高蔵寺駅
IS01,伊豆箱根鉄道駿豆線,三島駅
IS02,伊豆箱根鉄道駿豆線,三島広小路駅
IS03,伊豆箱根鉄道駿豆線,三島田町駅
IS04,伊豆箱根鉄道駿豆線,三島二日町駅
IS05,伊豆箱根鉄道駿豆線,大場駅
IS06,伊豆箱根鉄道駿豆線,伊豆仁田駅
IS07,伊豆箱根鉄道駿豆線,原木駅
IS08,伊豆箱根鉄道駿豆線,韮山駅
IS09,伊豆箱根鉄道駿豆線,伊豆長岡駅
IS10,伊豆箱根鉄道駿豆線,田京駅
IS11,伊豆箱根鉄道駿豆線,大仁駅
IS12,伊豆箱根鉄道駿豆線,牧之郷駅
IS13,伊豆箱根鉄道駿豆線,修善寺駅
ID01,伊豆箱根鉄道大雄山線,小田原駅
ID02,伊豆箱根鉄道大雄山線,緑町駅
ID03,伊豆箱根鉄道大雄山線,井細田駅
ID04,伊豆箱根鉄道大雄山線,五百羅漢駅
ID05,伊豆箱根鉄道大雄山線,穴部駅
ID06,伊豆箱根鉄道大雄山線,飯田岡駅
ID07,伊豆箱根鉄道大雄山線,相模沼田駅
ID08,伊豆箱根鉄道大雄山線,岩原駅
ID09,伊豆箱根鉄道大雄山線,塚原駅
ID10,伊豆箱根鉄道大雄山線,和田河原駅
ID11,伊豆箱根鉄道大雄山線,富士フイルム前駅
ID12,伊豆箱根鉄道大雄山線,大雄山駅
1,伊勢鉄道伊勢線,四日市駅
2,伊勢鉄道伊勢線,南四日市駅
3,伊勢鉄道伊勢線,河原田駅
4,伊勢鉄道伊勢線,鈴鹿駅
5,伊勢鉄道伊勢線,玉垣駅
6,伊勢鉄道伊勢線,鈴鹿サーキット稲生駅
7,伊勢鉄道伊勢線,徳田駅
8,伊勢鉄道伊勢線,中瀬古駅
9,伊勢鉄道伊勢線,伊勢上野駅
10,伊勢鉄道伊勢線,河芸駅
11,伊勢鉄道伊勢線,東一身田駅
12,伊勢鉄道伊勢線,津駅
NK01,南海本線,難波駅
NK02,南海本線,今宮戎駅
NK03,南海本線,新今宮駅
NK04,南海本線,萩ノ茶屋駅
NK05,南海本線,天下茶屋駅
NK06,南海本線,岸里玉出駅
NK07,南海本線,粉浜駅
NK08,南海本線,住吉大社駅
NK09,南海本線,住ノ江駅
NK10,南海本線,七道駅
NK11,南海本線,堺駅
NK12,南海本線,湊駅
NK13,南海本線,石津川駅
NK14,南海本線,諏訪ノ森駅
NK15,南海本線,浜寺公園駅
NK16,南海本線,羽衣駅
NK17,南海本線,高石駅
NK18,南海本線,北助松駅
NK19,南海本線,松ノ浜駅
NK20,南海本線,泉大津駅
NK21,南海本線,忠岡駅
NK22,南海本線,春木駅
NK23,南海本線,和泉大宮駅
NK24,南海本線,岸和田駅
NK25,南海本線,蛸地蔵駅
NK26,南海本線,貝塚駅
NK27,南海本線,二色浜駅
NK28,南海本線,鶴原駅
NK29,南海本線,井原里駅
NK30,南海本線,泉佐野駅
NK33,南海本線,羽倉崎駅
NK34,南海本線,吉見ノ里駅
NK35,南海本線,岡田浦駅
NK36,南海本線,樽井駅
NK37,南海本線,尾崎駅
NK38,南海本線,鳥取ノ荘駅
NK39,南海本線,箱作駅
NK40,南海本線,淡輪駅
NK41,南海本線,みさき公園駅
NK42,南海本線,孝子駅
NK43,南海本線,和歌山大学前駅
NK44,南海本線,紀ノ川駅
NK45,南海本線,和歌山市駅
NK30,南海空港線,泉佐野駅
NK31,南海空港線,りんくうタウン駅
NK32,南海空港線,関西空港駅
NK16,南海高師浜線,羽衣駅
NK16-1,南海高師浜線,伽羅橋駅
NK16-2,南海高師浜線,高師浜駅
NK41,南海多奈川線,みさき公園駅
NK41-1,南海多奈川線,深日町駅
NK41-2,南海多奈川線,深日港駅
NK41-3,南海多奈川線,多奈川駅
NK45,南海加太線,和歌山市駅
NK44,南海加太線,紀ノ川駅
NK44-1,南海加太線,東松江駅
NK44-2,南海加太線,中松江駅
NK44-3,南海加太線,八幡前駅
NK44-4,南海加太線,西ノ庄駅
NK44-5,南海加太線,二里ヶ浜駅
NK44-6,南海加太線,磯ノ浦駅
NK44-7,南海加太線,加太駅
NK45,南海和歌山港線,和歌山市駅
NK45-1,南海和歌山港線,和歌山港駅
NK01,南海高野線,難波駅
NK02,南海高野線,今宮戎駅
NK03,南海高野線,新今宮駅
NK04,南海高野線,萩ノ茶屋駅
NK05,南海高野線,天下茶屋駅
NK51,南海高野線,帝塚山駅
NK52,南海高野線,住吉東駅
NK53,南海高野線,沢ノ町駅
NK54,南海高野線,我孫子前駅
NK55,南海高野線,浅香山駅
NK56,南海高野線,堺東駅
NK57,南海高野線,三国ヶ丘駅
NK58,南海高野線,百舌鳥八幡駅
NK59,南海高野線,中百舌鳥駅
NK60,南海高野線,白鷺駅
NK61,南海高野線,初芝駅
NK62,南海高野線,萩原天神駅
NK63,南海高野線,北野田駅
NK64,南海高野線,狭山駅
NK65,南海高野線,大阪狭山市駅
NK66,南海高野線,金剛駅
NK67,南海高野線,滝谷駅
NK68,南海高野線,千代田駅
NK69,南海高野線,河内長野駅
NK70,南海高野線,三日市町駅
NK71,南海高野線,美加の台駅
NK72,南海高野線,千早口駅
NK73,南海高野線,天見駅
NK74,南海高野線,紀見峠駅
NK75,南海高野線,林間田園都市駅
NK76,南海高野線,御幸辻駅
NK77,南海高野線,橋本駅
NK78,南海高野線,紀伊清水駅
NK79,南海高野線,学文路駅
NK80,南海高野線,九度山駅
NK81,南海高野線,高野下駅
NK82,南海高野線,下古沢駅
NK83,南海高野線,上古沢駅
NK84,南海高野線,紀伊細川駅
NK85,南海高野線,紀伊神谷駅
NK86,南海高野線,極楽橋駅
NK86,南海鋼索線,極楽橋駅
NK87,南海鋼索線,高野山駅
SB01,泉北高速鉄道線,中百舌鳥駅
SB02,泉北高速鉄道線,深井駅
SB03,泉北高速鉄道線,泉ケ丘駅
SB04,泉北高速鉄道線,栂・美木多駅
SB05,泉北高速鉄道線,光明池駅
SB06,泉北高速鉄道線,和泉中央駅
HN51,阪堺電気軌道阪堺線,恵美須町駅
HN52,阪堺電気軌道阪堺線,新今宮駅前停留場
HN53,阪堺電気軌道阪堺線,今池停留場
HN54,阪堺電気軌道阪堺線,今船停留場
HN55,阪堺電気軌道阪堺線,松田町停留場
HN56,阪堺電気軌道阪堺線,北天下茶屋停留場
HN57,阪堺電気軌道阪堺線,聖天坂停留場
HN58,阪堺電気軌道阪堺線,天神ノ森停留場
HN59,阪堺電気軌道阪堺線,東玉出停留場
HN60,阪堺電気軌道阪堺線,塚西停留場
HN61,阪堺電気軌道阪堺線,東粉浜停留場
HN10,阪堺電気軌道阪堺線,住吉停留場
HN12,阪堺電気軌道阪堺線,住吉鳥居前停留場
HN13,阪堺電気軌道阪堺線,細井川停留場
HN14,阪堺電気軌道阪堺線,安立町停留場
HN15,阪堺電気軌道阪堺線,我孫子道停留場
HN16,阪堺電気軌道阪堺線,大和川停留場
HN17,阪堺電気軌道阪堺線,高須神社停留場
HN18,阪堺電気軌道阪堺線,綾ノ町停留場
HN19,阪堺電気軌道阪堺線,神明町停留場
HN20,阪堺電気軌道阪堺線,妙国寺前停留場
HN21,阪堺電気軌道阪堺線,花田口停留場
HN22,阪堺電気軌道阪堺線,大小路停留場
HN23,阪堺電気軌道阪堺線,宿院停留場
HN24,阪堺電気軌道阪堺線,寺地町停留場
HN25,阪堺電気軌道阪堺線,御陵前停留場
HN26,阪堺電気軌道阪堺線,東湊停留場
HN27,阪堺電気軌道阪堺線,石津北停留場
HN28,阪堺電気軌道阪堺線,石津停留場
HN29,阪堺電気軌道阪堺線,船尾停留場
HN31,阪堺電気軌道阪堺線,浜寺駅前停留場
HN01,阪堺電気軌道上町線,天王寺駅前停留場
HN02,阪堺電気軌道上町線,阿倍野停留場
HN03,阪堺電気軌道上町線,松虫停留場
HN04,阪堺電気軌道上町線,東天下茶屋停留場
HN05,阪堺電気軌道上町線,北畠停留場
HN06,阪堺電気軌道上町線,姫松停留場
HN07,阪堺電気軌道上町線,帝塚山三丁目停留場
HN08,阪堺電気軌道上町線,帝塚山四丁目停留場
HN09,阪堺電気軌道上町線,神ノ木停留場
HN10,阪堺電気軌道上町線,住吉停留場
HN11,阪堺電気軌道上町線,住吉公園駅
K01,京都市営地下鉄烏丸線,国際会館駅
K02,京都市営地下鉄烏丸線,松ヶ崎駅
K03,京都市営地下鉄烏丸線,北山駅
K04,京都市営地下鉄烏丸線,北大路駅
K05,京都市営地下鉄烏丸線,鞍馬口駅
K06,京都市営地下鉄烏丸線,今出川駅
K07,京都市営地下鉄烏丸線,丸太町駅
K08,京都市営地下鉄烏丸線,烏丸御池駅
K09,京都市営地下鉄烏丸線,四条駅
K10,京都市営地下鉄烏丸線,五条駅
K11,京都市営地下鉄烏丸線,京都駅
K12,京都市営地下鉄烏丸線,九条駅
K13,京都市営地下鉄烏丸線,十条駅
K14,京都市営地下鉄烏丸線,くいな橋駅
K15,京都市営地下鉄烏丸線,竹田駅
T01,京都市営地下鉄東西線,六地蔵駅
T02,京都市営地下鉄東西線,石田駅
T03,京都市営地下鉄東西線,醍醐駅
T04,京都市営地下鉄東西線,小野駅
T05,京都市営地下鉄東西線,椥辻駅
T06,京都市営地下鉄東西線,東野駅
T07,京都市営地下鉄東西線,山科駅
T08,京都市営地下鉄東西線,御陵駅
T09,京都市営地下鉄東西線,蹴上駅
T10,京都市営地下鉄東西線,東山駅
T11,京都市営地下鉄東西線,三条京阪駅
T12,京都市営地下鉄東西線,京都市役所前駅
T13,京都市営地下鉄東西線,烏丸御池駅
T14,京都市営地下鉄東西線,二条城前駅
T15,京都市営地下鉄東西線,二条駅
T16,京都市営地下鉄東西線,西大路御池駅
T17,京都市営地下鉄東西線,太秦天神川駅
A1,京福電気鉄道嵐山本線,四条大宮駅
A3,京福電気鉄道嵐山本線,西院（さい）駅
A4,京福電気鉄道嵐山本線,西大路三条駅
A5,京福電気鉄道嵐山本線,山ノ内駅
A6,京福電気鉄道嵐山本線,嵐電天神川駅
A7,京福電気鉄道嵐山本線,蚕ノ社駅
A8,京福電気鉄道嵐山本線,太秦広隆寺駅
A9,京福電気鉄道嵐山本線,帷子ノ辻駅
A10,京福電気鉄道嵐山本線,有栖川駅
A11,京福電気鉄道嵐山本線,車折神社駅
A12,京福電気鉄道嵐山本線,鹿王院駅
A13,京福電気鉄道嵐山本線,嵐電嵯峨駅
A14,京福電気鉄道嵐山本線,嵐山駅
B9,京福電気鉄道北野線,北野白梅町駅
B8,京福電気鉄道北野線,等持院駅
B7,京福電気鉄道北野線,龍安寺駅
B6,京福電気鉄道北野線,妙心寺駅
B5,京福電気鉄道北野線,御室仁和寺駅
B4,京福電気鉄道北野線,宇多野駅
B3,京福電気鉄道北野線,鳴滝駅
B2,京福電気鉄道北野線,常盤駅
B1,京福電気鉄道北野線,帷子ノ辻駅
E01,叡山電鉄叡山本線,出町柳駅
E02,叡山電鉄叡山本線,元田中駅
E03,叡山電鉄叡山本線,茶山駅
E04,叡山電鉄叡山本線,一乗寺駅
E05,叡山電鉄叡山本線,修学院駅
E06,叡山電鉄叡山本線,宝ケ池駅
E07,叡山電鉄叡山本線,三宅八幡駅
E08,叡山電鉄叡山本線,八瀬比叡山口駅
E06,叡山電鉄鞍馬線,宝ケ池駅
E09,叡山電鉄鞍馬線,八幡前駅
E10,叡山電鉄鞍馬線,岩倉駅
E11,叡山電鉄鞍馬線,木野駅
E12,叡山電鉄鞍馬線,京都精華大前駅
E13,叡山電鉄鞍馬線,二軒茶屋駅
E14,叡山電鉄鞍馬線,市原駅
E15,叡山電鉄鞍馬線,二ノ瀬駅
E16,叡山電鉄鞍馬線,貴船口駅
E17,叡山電鉄鞍馬線,鞍馬駅
11,大阪高速鉄道大阪モノレール線,大阪空港駅
12,大阪高速鉄道大阪モノレール線,蛍池駅
13,大阪高速鉄道大阪モノレール線,柴原駅
14,大阪高速鉄道大阪モノレール線,少路駅
15,大阪高速鉄道大阪モノレール線,千里中央駅
16,大阪高速鉄道大阪モノレール線,山田駅
17,大阪高速鉄道大阪モノレール線,万博記念公園駅
18,大阪高速鉄道大阪モノレール線,宇野辺駅
19,大阪高速鉄道大阪モノレール線,南茨木駅
20,大阪高速鉄道大阪モノレール線,沢良宜駅
21,大阪高速鉄道大阪モノレール線,摂津駅
22,大阪高速鉄道大阪モノレール線,南摂津駅
23,大阪高速鉄道大阪モノレール線,大日駅
24,大阪高速鉄道大阪モノレール線,門真市駅
17,大阪高速鉄道国際文化公園都市線,万博記念公園駅
51,大阪高速鉄道国際文化公園都市線,公園東口駅
52,大阪高速鉄道国際文化公園都市線,阪大病院前駅
53,大阪高速鉄道国際文化公園都市線,豊川駅
54,大阪高速鉄道国際文化公園都市線,彩都西駅
M11,大阪市営地下鉄御堂筋線,江坂駅
M12,大阪市営地下鉄御堂筋線,東三国駅
M13,大阪市営地下鉄御堂筋線,新大阪駅
M14,大阪市営地下鉄御堂筋線,西中島南方駅
M15,大阪市営地下鉄御堂筋線,中津駅
M16,大阪市営地下鉄御堂筋線,梅田駅
M17,大阪市営地下鉄御堂筋線,淀屋橋駅
M18,大阪市営地下鉄御堂筋線,本町駅
M19,大阪市営地下鉄御堂筋線,心斎橋駅
M20,大阪市営地下鉄御堂筋線,難波駅
M21,大阪市営地下鉄御堂筋線,大国町駅
M22,大阪市営地下鉄御堂筋線,動物園前駅
M23,大阪市営地下鉄御堂筋線,天王寺駅
M24,大阪市営地下鉄御堂筋線,昭和町駅
M25,大阪市営地下鉄御堂筋線,西田辺駅
M26,大阪市営地下鉄御堂筋線,長居駅
M27,大阪市営地下鉄御堂筋線,我孫子駅
M28,大阪市営地下鉄御堂筋線,北花田駅
M29,大阪市営地下鉄御堂筋線,新金岡駅
M30,大阪市営地下鉄御堂筋線,中百舌鳥駅
T11,大阪市営地下鉄谷町線,大日駅
T12,大阪市営地下鉄谷町線,守口駅
T13,大阪市営地下鉄谷町線,太子橋今市駅
T14,大阪市営地下鉄谷町線,千林大宮駅
T15,大阪市営地下鉄谷町線,関目高殿駅
T16,大阪市営地下鉄谷町線,野江内代駅
T17,大阪市営地下鉄谷町線,都島駅
T18,大阪市営地下鉄谷町線,天神橋筋六丁目駅
T19,大阪市営地下鉄谷町線,中崎町駅
T20,大阪市営地下鉄谷町線,東梅田駅
T21,大阪市営地下鉄谷町線,南森町駅
T22,大阪市営地下鉄谷町線,天満橋駅
T23,大阪市営地下鉄谷町線,谷町四丁目駅
T24,大阪市営地下鉄谷町線,谷町六丁目駅
T25,大阪市営地下鉄谷町線,谷町九丁目駅
T26,大阪市営地下鉄谷町線,四天王寺前夕陽ヶ丘駅
T27,大阪市営地下鉄谷町線,天王寺駅
T28,大阪市営地下鉄谷町線,阿倍野駅
T29,大阪市営地下鉄谷町線,文の里駅
T30,大阪市営地下鉄谷町線,田辺駅
T31,大阪市営地下鉄谷町線,駒川中野駅
T32,大阪市営地下鉄谷町線,平野駅
T33,大阪市営地下鉄谷町線,喜連瓜破駅
T34,大阪市営地下鉄谷町線,出戸駅
T35,大阪市営地下鉄谷町線,長原駅
T36,大阪市営地下鉄谷町線,八尾南駅
Y11,大阪市営地下鉄四つ橋線,西梅田駅
Y12,大阪市営地下鉄四つ橋線,肥後橋駅
Y13,大阪市営地下鉄四つ橋線,本町駅
Y14,大阪市営地下鉄四つ橋線,四ツ橋駅
Y15,大阪市営地下鉄四つ橋線,難波駅
Y16,大阪市営地下鉄四つ橋線,大国町駅
Y17,大阪市営地下鉄四つ橋線,花園町駅
Y18,大阪市営地下鉄四つ橋線,岸里駅
Y19,大阪市営地下鉄四つ橋線,玉出駅
Y20,大阪市営地下鉄四つ橋線,北加賀屋駅
Y21,大阪市営地下鉄四つ橋線,住之江公園駅
C10,大阪市営地下鉄中央線,コスモスクエア駅
C11,大阪市営地下鉄中央線,大阪港駅
C12,大阪市営地下鉄中央線,朝潮橋駅
C13,大阪市営地下鉄中央線,弁天町駅
C14,大阪市営地下鉄中央線,九条駅
C15,大阪市営地下鉄中央線,阿波座駅
C16,大阪市営地下鉄中央線,本町駅
C17,大阪市営地下鉄中央線,堺筋本町駅
C18,大阪市営地下鉄中央線,谷町四丁目駅
C19,大阪市営地下鉄中央線,森ノ宮駅
C20,大阪市営地下鉄中央線,緑橋駅
C21,大阪市営地下鉄中央線,深江橋駅
C22,大阪市営地下鉄中央線,高井田駅
C23,大阪市営地下鉄中央線,長田駅
S11,大阪市営地下鉄千日前線,野田阪神駅
S12,大阪市営地下鉄千日前線,玉川駅
S13,大阪市営地下鉄千日前線,阿波座駅
S14,大阪市営地下鉄千日前線,西長堀駅
S15,大阪市営地下鉄千日前線,桜川駅
S16,大阪市営地下鉄千日前線,難波駅
S17,大阪市営地下鉄千日前線,日本橋駅
S18,大阪市営地下鉄千日前線,谷町九丁目駅
S19,大阪市営地下鉄千日前線,鶴橋駅
S20,大阪市営地下鉄千日前線,今里駅
S21,大阪市営地下鉄千日前線,新深江駅
S22,大阪市営地下鉄千日前線,小路駅
S23,大阪市営地下鉄千日前線,北巽駅
S24,大阪市営地下鉄千日前線,南巽駅
K11,大阪市営地下鉄堺筋線,天神橋筋六丁目駅
K12,大阪市営地下鉄堺筋線,扇町駅
K13,大阪市営地下鉄堺筋線,南森町駅
K14,大阪市営地下鉄堺筋線,北浜駅
K15,大阪市営地下鉄堺筋線,堺筋本町駅
K16,大阪市営地下鉄堺筋線,長堀橋駅
K17,大阪市営地下鉄堺筋線,日本橋駅
K18,大阪市営地下鉄堺筋線,恵美須町駅
K19,大阪市営地下鉄堺筋線,動物園前駅
K20,大阪市営地下鉄堺筋線,天下茶屋駅
N11,大阪市営地下鉄長堀鶴見緑地線,大正駅
N12,大阪市営地下鉄長堀鶴見緑地線,ドーム前千代崎駅
N13,大阪市営地下鉄長堀鶴見緑地線,西長堀駅
N14,大阪市営地下鉄長堀鶴見緑地線,西大橋駅
N15,大阪市営地下鉄長堀鶴見緑地線,心斎橋駅
N16,大阪市営地下鉄長堀鶴見緑地線,長堀橋駅
N17,大阪市営地下鉄長堀鶴見緑地線,松屋町駅
N18,大阪市営地下鉄長堀鶴見緑地線,谷町六丁目駅
N19,大阪市営地下鉄長堀鶴見緑地線,玉造駅
N20,大阪市営地下鉄長堀鶴見緑地線,森ノ宮駅
N21,大阪市営地下鉄長堀鶴見緑地線,大阪ビジネスパーク駅
N22,大阪市営地下鉄長堀鶴見緑地線,京橋駅
N23,大阪市営地下鉄長堀鶴見緑地線,蒲生四丁目駅
N24,大阪市営地下鉄長堀鶴見緑地線,今福鶴見駅
N25,大阪市営地下鉄長堀鶴見緑地線,横堤駅
N26,大阪市営地下鉄長堀鶴見緑地線,鶴見緑地駅
N27,大阪市営地下鉄長堀鶴見緑地線,門真南駅
I11,大阪市営地下鉄今里筋線,井高野駅
I12,大阪市営地下鉄今里筋線,瑞光四丁目駅
I13,大阪市営地下鉄今里筋線,だいどう豊里駅
I14,大阪市営地下鉄今里筋線,太子橋今市駅
I15,大阪市営地下鉄今里筋線,清水駅
I16,大阪市営地下鉄今里筋線,新森古市駅
I17,大阪市営地下鉄今里筋線,関目成育駅
I18,大阪市営地下鉄今里筋線,蒲生四丁目駅
I19,大阪市営地下鉄今里筋線,鴫野駅
I20,大阪市営地下鉄今里筋線,緑橋駅
I21,大阪市営地下鉄今里筋線,今里駅
P09,大阪市交通局南港ポートタウン線,コスモスクエア駅
P10,大阪市交通局南港ポートタウン線,トレードセンター前駅
P11,大阪市交通局南港ポートタウン線,中ふ頭駅
P12,大阪市交通局南港ポートタウン線,ポートタウン西駅
P13,大阪市交通局南港ポートタウン線,ポートタウン東駅
P14,大阪市交通局南港ポートタウン線,フェリーターミナル駅
P15,大阪市交通局南港ポートタウン線,南港東駅
P16,大阪市交通局南港ポートタウン線,南港口駅
P17,大阪市交通局南港ポートタウン線,平林駅
P18,大阪市交通局南港ポートタウン線,住之江公園駅
M08,北大阪急行電鉄南北線,千里中央駅
M09,北大阪急行電鉄南北線,桃山台駅
M10,北大阪急行電鉄南北線,緑地公園駅
M11,北大阪急行電鉄南北線,江坂駅
A01,近鉄難波線,大阪難波駅
A02,近鉄難波線,近鉄日本橋駅
A03,近鉄難波線,大阪上本町駅
A01,近鉄奈良線,大阪難波駅
A02,近鉄奈良線,近鉄日本橋駅
A03,近鉄奈良線,大阪上本町駅
A04,近鉄奈良線,鶴橋駅
A05,近鉄奈良線,今里駅
A06,近鉄奈良線,布施駅
A07,近鉄奈良線,河内永和駅
A08,近鉄奈良線,河内小阪駅
A09,近鉄奈良線,八戸ノ里駅
A10,近鉄奈良線,若江岩田駅
A11,近鉄奈良線,河内花園駅
A12,近鉄奈良線,東花園駅
A13,近鉄奈良線,瓢箪山駅
A14,近鉄奈良線,枚岡駅
A15,近鉄奈良線,額田駅
A16,近鉄奈良線,石切駅
A17,近鉄奈良線,生駒駅
A18,近鉄奈良線,東生駒駅
A19,近鉄奈良線,富雄駅
A20,近鉄奈良線,学園前駅
A21,近鉄奈良線,菖蒲池駅
A26,近鉄奈良線,大和西大寺駅
A27,近鉄奈良線,新大宮駅
A28,近鉄奈良線,近鉄奈良駅
G17,近鉄生駒線,生駒駅
G18,近鉄生駒線,菜畑駅
G19,近鉄生駒線,一分駅
G20,近鉄生駒線,南生駒駅
G21,近鉄生駒線,萩の台駅
G22,近鉄生駒線,東山駅
G23,近鉄生駒線,元山上口駅
G24,近鉄生駒線,平群駅
G25,近鉄生駒線,竜田川駅
G26,近鉄生駒線,勢野北口駅
G27,近鉄生駒線,信貴山下駅
G28,近鉄生駒線,王寺駅
B01,近鉄京都線,京都駅
B02,近鉄京都線,東寺駅
B03,近鉄京都線,十条駅
B04,近鉄京都線,上鳥羽口駅
B05,近鉄京都線,竹田駅
B06,近鉄京都線,伏見駅
B07,近鉄京都線,近鉄丹波橋駅
B08,近鉄京都線,桃山御陵前駅
B09,近鉄京都線,向島駅
B10,近鉄京都線,小倉駅
B11,近鉄京都線,伊勢田駅
B12,近鉄京都線,大久保駅
B13,近鉄京都線,久津川駅
B14,近鉄京都線,寺田駅
B15,近鉄京都線,富野荘駅
B16,近鉄京都線,新田辺駅
B17,近鉄京都線,興戸駅
B18,近鉄京都線,三山木駅
B19,近鉄京都線,近鉄宮津駅
B20,近鉄京都線,狛田駅
B21,近鉄京都線,新祝園駅
B22,近鉄京都線,木津川台駅
B23,近鉄京都線,山田川駅
B24,近鉄京都線,高の原駅
B25,近鉄京都線,平城駅
B26,近鉄京都線,大和西大寺駅
B26,近鉄橿原線,大和西大寺駅
B27,近鉄橿原線,尼ヶ辻駅
B28,近鉄橿原線,西ノ京駅
B29,近鉄橿原線,九条駅
B30,近鉄橿原線,近鉄郡山駅
B31,近鉄橿原線,筒井駅
B32,近鉄橿原線,平端駅
B33,近鉄橿原線,ファミリー公園前駅
B34,近鉄橿原線,結崎駅
B35,近鉄橿原線,石見駅
B36,近鉄橿原線,田原本駅
B37,近鉄橿原線,笠縫駅
B38,近鉄橿原線,新ノ口駅
B39,近鉄橿原線,大和八木駅
B40,近鉄橿原線,八木西口駅
B41,近鉄橿原線,畝傍御陵前駅
B42,近鉄橿原線,橿原神宮前駅
H32,近鉄天理線,平端駅
H33,近鉄天理線,二階堂駅
H34,近鉄天理線,前栽駅
H35,近鉄天理線,天理駅
I36,近鉄田原本線,西田原本駅
I37,近鉄田原本線,黒田駅
I38,近鉄田原本線,但馬駅
I39,近鉄田原本線,箸尾駅
I40,近鉄田原本線,池部駅
I41,近鉄田原本線,佐味田川駅
I42,近鉄田原本線,大輪田駅
I43,近鉄田原本線,新王寺駅
C23,近鉄けいはんな線,長田駅
C24,近鉄けいはんな線,荒本駅
C25,近鉄けいはんな線,吉田駅
C26,近鉄けいはんな線,新石切駅
C27,近鉄けいはんな線,生駒駅
C28,近鉄けいはんな線,白庭台駅
C29,近鉄けいはんな線,学研北生駒駅
C30,近鉄けいはんな線,学研奈良登美ヶ丘駅
D03,近鉄大阪線,大阪上本町駅
D04,近鉄大阪線,鶴橋駅
D05,近鉄大阪線,今里駅
D06,近鉄大阪線,布施駅
D07,近鉄大阪線,俊徳道駅
D08,近鉄大阪線,長瀬駅
D09,近鉄大阪線,弥刀駅
D10,近鉄大阪線,久宝寺口駅
D11,近鉄大阪線,近鉄八尾駅
D12,近鉄大阪線,河内山本駅
D13,近鉄大阪線,高安駅
D14,近鉄大阪線,恩智駅
D15,近鉄大阪線,法善寺駅
D16,近鉄大阪線,堅下駅
D17,近鉄大阪線,安堂駅
D18,近鉄大阪線,河内国分駅
D19,近鉄大阪線,大阪教育大前駅
D20,近鉄大阪線,関屋駅
D21,近鉄大阪線,二上駅
D22,近鉄大阪線,近鉄下田駅
D23,近鉄大阪線,五位堂駅
D24,近鉄大阪線,築山駅
D25,近鉄大阪線,大和高田駅
D26,近鉄大阪線,松塚駅
D27,近鉄大阪線,真菅駅
D39,近鉄大阪線,大和八木駅
D40,近鉄大阪線,耳成駅
D41,近鉄大阪線,大福駅
D42,近鉄大阪線,桜井駅
D43,近鉄大阪線,大和朝倉駅
D44,近鉄大阪線,長谷寺駅
D45,近鉄大阪線,榛原駅
D46,近鉄大阪線,室生口大野駅
D47,近鉄大阪線,三本松駅
D48,近鉄大阪線,赤目口駅
D49,近鉄大阪線,名張駅
D50,近鉄大阪線,桔梗が丘駅
D51,近鉄大阪線,美旗駅
D52,近鉄大阪線,伊賀神戸駅
D53,近鉄大阪線,青山町駅
D54,近鉄大阪線,伊賀上津駅
D55,近鉄大阪線,西青山駅
D56,近鉄大阪線,東青山駅
D57,近鉄大阪線,榊原温泉口駅
D58,近鉄大阪線,大三駅
D59,近鉄大阪線,伊勢石橋駅
D60,近鉄大阪線,川合高岡駅
D61,近鉄大阪線,伊勢中川駅
J12,近鉄信貴線,河内山本駅
J13,近鉄信貴線,服部川駅
J14,近鉄信貴線,信貴山口駅
K21,近鉄湯の山線,近鉄四日市駅
K22,近鉄湯の山線,中川原駅
K23,近鉄湯の山線,伊勢松本駅
K24,近鉄湯の山線,伊勢川島駅
K25,近鉄湯の山線,高角駅
K26,近鉄湯の山線,桜駅
K27,近鉄湯の山線,菰野駅
K28,近鉄湯の山線,中菰野駅
K29,近鉄湯の山線,大羽根園駅
K30,近鉄湯の山線,湯の山温泉駅
L29,近鉄鈴鹿線,伊勢若松駅
L30,近鉄鈴鹿線,柳駅
L31,近鉄鈴鹿線,鈴鹿市駅
L32,近鉄鈴鹿線,三日市駅
L33,近鉄鈴鹿線,平田町駅
M61,近鉄山田線,伊勢中川駅
M62,近鉄山田線,伊勢中原駅
M63,近鉄山田線,松ヶ崎駅
M64,近鉄山田線,松阪駅
M65,近鉄山田線,東松阪駅
M66,近鉄山田線,櫛田駅
M67,近鉄山田線,漕代駅
M68,近鉄山田線,斎宮駅
M69,近鉄山田線,明星駅
M70,近鉄山田線,明野駅
M71,近鉄山田線,小俣駅
M72,近鉄山田線,宮町駅
M73,近鉄山田線,伊勢市駅
M74,近鉄山田線,宇治山田駅
M74,近鉄鳥羽線,宇治山田駅
M75,近鉄鳥羽線,五十鈴川駅#
M76,近鉄鳥羽線,朝熊駅
M77,近鉄鳥羽線,池の浦駅
M78,近鉄鳥羽線,鳥羽駅
M78,近鉄志摩線,鳥羽駅
M79,近鉄志摩線,中之郷駅
M80,近鉄志摩線,志摩赤崎駅
M81,近鉄志摩線,船津駅
M82,近鉄志摩線,加茂駅
M83,近鉄志摩線,松尾駅
M84,近鉄志摩線,白木駅
M85,近鉄志摩線,五知駅
M86,近鉄志摩線,沓掛駅
M87,近鉄志摩線,上之郷駅
M88,近鉄志摩線,志摩磯部駅
M89,近鉄志摩線,穴川駅
M90,近鉄志摩線,志摩横山駅
M91,近鉄志摩線,鵜方駅
M92,近鉄志摩線,志摩神明駅
M93,近鉄志摩線,賢島駅
F01,近鉄南大阪線,大阪阿部野橋駅
F02,近鉄南大阪線,河堀口駅
F03,近鉄南大阪線,北田辺駅
F04,近鉄南大阪線,今川駅
F05,近鉄南大阪線,針中野駅
F06,近鉄南大阪線,矢田駅
F07,近鉄南大阪線,河内天美駅
F08,近鉄南大阪線,布忍駅
F09,近鉄南大阪線,高見ノ里駅
F10,近鉄南大阪線,河内松原駅
F11,近鉄南大阪線,恵我ノ荘駅
F12,近鉄南大阪線,高鷲駅
F13,近鉄南大阪線,藤井寺駅
F14,近鉄南大阪線,土師ノ里駅
F15,近鉄南大阪線,道明寺駅
F16,近鉄南大阪線,古市駅
F17,近鉄南大阪線,駒ヶ谷駅
F18,近鉄南大阪線,上ノ太子駅
F19,近鉄南大阪線,二上山駅
F20,近鉄南大阪線,二上神社口駅
F21,近鉄南大阪線,当麻寺駅
F22,近鉄南大阪線,磐城駅
F23,近鉄南大阪線,尺土駅
F24,近鉄南大阪線,高田市駅
F25,近鉄南大阪線,浮孔駅
F26,近鉄南大阪線,坊城駅
F27,近鉄南大阪線,橿原神宮西口駅
F42,近鉄南大阪線,橿原神宮前駅
F42,近鉄吉野線,橿原神宮前駅
F43,近鉄吉野線,岡寺駅
F44,近鉄吉野線,飛鳥駅
F45,近鉄吉野線,壺阪山駅
F46,近鉄吉野線,市尾駅
F47,近鉄吉野線,葛駅
F48,近鉄吉野線,吉野口駅
F49,近鉄吉野線,薬水駅
F50,近鉄吉野線,福神駅
F51,近鉄吉野線,大阿太駅
F52,近鉄吉野線,下市口駅
F53,近鉄吉野線,越部駅
F54,近鉄吉野線,六田駅
F55,近鉄吉野線,大和上市駅
F56,近鉄吉野線,吉野神宮駅
F57,近鉄吉野線,吉野駅
N15,近鉄道明寺線,道明寺駅
N16,近鉄道明寺線,柏原南口駅
N17,近鉄道明寺線,柏原駅
O16,近鉄長野線,古市駅
O17,近鉄長野線,喜志駅
O18,近鉄長野線,富田林駅
O19,近鉄長野線,富田林西口駅
O20,近鉄長野線,川西駅
O21,近鉄長野線,滝谷不動駅
O22,近鉄長野線,汐ノ宮駅
O23,近鉄長野線,河内長野駅
P23,近鉄御所線,尺土駅
P24,近鉄御所線,近鉄新庄駅
P25,近鉄御所線,忍海駅
P26,近鉄御所線,近鉄御所駅
Y17,近鉄生駒鋼索線,鳥居前駅
Y18,近鉄生駒鋼索線,宝山寺駅
Y19,近鉄生駒鋼索線,梅屋敷駅
Y20,近鉄生駒鋼索線,霞ヶ丘駅
Y21,近鉄生駒鋼索線,生駒山上駅
Z14,近鉄西信貴鋼索線,信貴山口駅
Z15,近鉄西信貴鋼索線,高安山駅
S01,神戸市営地下鉄西神・山手線,谷上駅
S02,神戸市営地下鉄西神・山手線,新神戸駅
S03,神戸市営地下鉄西神・山手線,三宮駅
S04,神戸市営地下鉄西神・山手線,県庁前駅
S05,神戸市営地下鉄西神・山手線,大倉山駅
S06,神戸市営地下鉄西神・山手線,湊川公園駅
S07,神戸市営地下鉄西神・山手線,上沢駅
S08,神戸市営地下鉄西神・山手線,長田（長田神社前）駅
S09,神戸市営地下鉄西神・山手線,新長田駅
S10,神戸市営地下鉄西神・山手線,板宿駅
S11,神戸市営地下鉄西神・山手線,妙法寺駅
S12,神戸市営地下鉄西神・山手線,名谷駅
S13,神戸市営地下鉄西神・山手線,総合運動公園駅
S14,神戸市営地下鉄西神・山手線,学園都市駅
S15,神戸市営地下鉄西神・山手線,伊川谷駅
S16,神戸市営地下鉄西神・山手線,西神南駅
S17,神戸市営地下鉄西神・山手線,西神中央駅
K01,神戸市営地下鉄海岸線,三宮・花時計前駅
K02,神戸市営地下鉄海岸線,旧居留地・大丸前駅
K03,神戸市営地下鉄海岸線,みなと元町駅
K04,神戸市営地下鉄海岸線,ハーバーランド駅
K05,神戸市営地下鉄海岸線,中央市場前駅
K06,神戸市営地下鉄海岸線,和田岬駅
K07,神戸市営地下鉄海岸線,御崎公園駅
K08,神戸市営地下鉄海岸線,苅藻駅
K09,神戸市営地下鉄海岸線,駒ヶ林駅
K10,神戸市営地下鉄海岸線,新長田駅（鉄人28号前）
S01,北神急行電鉄北神線,谷上駅
S02,北神急行電鉄北神線,新神戸駅
P01,神戸新交通ポートアイランド線,三宮駅
P02,神戸新交通ポートアイランド線,貿易センター駅
P03,神戸新交通ポートアイランド線,ポートターミナル駅
P04,神戸新交通ポートアイランド線,中公園駅
P05,神戸新交通ポートアイランド線,みなとじま駅
P06,神戸新交通ポートアイランド線,市民広場駅
P07,神戸新交通ポートアイランド線,医療センター駅
P08,神戸新交通ポートアイランド線,京コンピュータ前駅
P09,神戸新交通ポートアイランド線,神戸空港駅
PL07,神戸新交通ポートアイランド線,南公園駅
PL08,神戸新交通ポートアイランド線,中埠頭駅
PL09,神戸新交通ポートアイランド線,北埠頭駅
R01,神戸新交通六甲アイランド線,住吉駅
R02,神戸新交通六甲アイランド線,魚崎駅
R03,神戸新交通六甲アイランド線,南魚崎駅
R04,神戸新交通六甲アイランド線,アイランド北口駅
R05,神戸新交通六甲アイランド線,アイランドセンター駅
R06,神戸新交通六甲アイランド線,マリンパーク駅
HK-01,阪急神戸本線,梅田駅
HK-02,阪急神戸本線,中津駅
HK-03,阪急神戸本線,十三駅
HK-04,阪急神戸本線,神崎川駅
HK-05,阪急神戸本線,園田駅
HK-06,阪急神戸本線,塚口駅
HK-07,阪急神戸本線,武庫之荘駅
HK-08,阪急神戸本線,西宮北口駅
HK-09,阪急神戸本線,夙川駅
HK-10,阪急神戸本線,芦屋川駅
HK-11,阪急神戸本線,岡本駅
HK-12,阪急神戸本線,御影駅
HK-13,阪急神戸本線,六甲駅
HK-14,阪急神戸本線,王子公園駅
HK-15,阪急神戸本線,春日野道駅
HK-16,阪急神戸本線,神戸三宮駅
HS 36,阪急神戸高速線,新開地駅
HS 35,阪急神戸高速線,高速神戸駅
HK-17,阪急神戸高速線,花隈駅
HK-16,阪急神戸高速線,神戸三宮駅
HK-06,阪急伊丹線,塚口駅
HK-18,阪急伊丹線,稲野駅
HK-19,阪急伊丹線,新伊丹駅
HK-20,阪急伊丹線,伊丹駅
HK-56,阪急今津線,宝塚駅
HK-28,阪急今津線,宝塚南口駅
HK-27,阪急今津線,逆瀬川駅
HK-26,阪急今津線,小林駅
HK-25,阪急今津線,仁川駅
HK-24,阪急今津線,甲東園駅
HK-23,阪急今津線,門戸厄神駅
HK-08,阪急今津線,西宮北口駅
HK-22,阪急今津線,阪神国道駅
HK-21,阪急今津線,今津駅
HK-09,阪急甲陽線,夙川駅
HK-29,阪急甲陽線,苦楽園口駅
HK-30,阪急甲陽線,甲陽園駅
HK-01,阪急宝塚本線,梅田駅
HK-02,阪急宝塚本線,中津駅
HK-03,阪急宝塚本線,十三駅
HK-41,阪急宝塚本線,三国駅
HK-42,阪急宝塚本線,庄内駅
HK-43,阪急宝塚本線,服部天神駅
HK-44,阪急宝塚本線,曽根駅
HK-45,阪急宝塚本線,岡町駅
HK-46,阪急宝塚本線,豊中駅
HK-47,阪急宝塚本線,蛍池駅
HK-48,阪急宝塚本線,石橋駅
HK-49,阪急宝塚本線,池田駅
HK-50,阪急宝塚本線,川西能勢口駅
HK-51,阪急宝塚本線,雲雀丘花屋敷駅
HK-52,阪急宝塚本線,山本駅
HK-53,阪急宝塚本線,中山観音駅
HK-54,阪急宝塚本線,売布神社駅
HK-55,阪急宝塚本線,清荒神駅
HK-56,阪急宝塚本線,宝塚駅
HK-48,阪急箕面線,石橋駅
HK-57,阪急箕面線,桜井駅
HK-58,阪急箕面線,牧落駅
HK-59,阪急箕面線,箕面駅
HK-01,阪急京都本線,梅田駅
HK-03,阪急京都本線,十三駅
HK-61,阪急京都本線,南方駅
HK-62,阪急京都本線,崇禅寺駅
HK-63,阪急京都本線,淡路駅
HK-64,阪急京都本線,上新庄駅
HK-65,阪急京都本線,相川駅
HK-66,阪急京都本線,正雀駅
HK-67,阪急京都本線,摂津市駅
HK-68,阪急京都本線,南茨木駅
HK-69,阪急京都本線,茨木市駅
HK-70,阪急京都本線,総持寺駅
HK-71,阪急京都本線,富田駅
HK-72,阪急京都本線,高槻市駅
HK-73,阪急京都本線,上牧駅
HK-74,阪急京都本線,水無瀬駅
HK-75,阪急京都本線,大山崎駅
HK-76,阪急京都本線,西山天王山駅
HK-77,阪急京都本線,長岡天神駅
HK-78,阪急京都本線,西向日駅
HK-79,阪急京都本線,東向日駅
HK-80,阪急京都本線,洛西口駅
HK-81,阪急京都本線,桂駅
HK-82,阪急京都本線,西京極駅
HK-83,阪急京都本線,西院駅
HK-84,阪急京都本線,大宮駅
HK-85,阪急京都本線,烏丸駅
HK-86,阪急京都本線,河原町駅
K11,阪急千里線,天神橋筋六丁目駅
HK-87,阪急千里線,柴島駅
HK-63,阪急千里線,淡路駅
HK-88,阪急千里線,下新庄駅
HK-89,阪急千里線,吹田駅
HK-90,阪急千里線,豊津駅
HK-91,阪急千里線,関大前駅
HK-92,阪急千里線,千里山駅
HK-93,阪急千里線,南千里駅
HK-94,阪急千里線,山田駅
HK-95,阪急千里線,北千里駅
HK-81,阪急嵐山線,桂駅
HK-96,阪急嵐山線,上桂駅
HK-97,阪急嵐山線,松尾大社駅
HK-98,阪急嵐山線,嵐山駅
NS01,能勢電鉄妙見線,川西能勢口駅
NS02,能勢電鉄妙見線,絹延橋駅
NS03,能勢電鉄妙見線,滝山駅
NS04,能勢電鉄妙見線,鶯の森駅
NS05,能勢電鉄妙見線,鼓滝駅
NS06,能勢電鉄妙見線,多田駅
NS07,能勢電鉄妙見線,平野駅
NS08,能勢電鉄妙見線,一の鳥居駅
NS09,能勢電鉄妙見線,畦野駅
NS10,能勢電鉄妙見線,山下駅
NS11,能勢電鉄妙見線,笹部駅
NS12,能勢電鉄妙見線,光風台駅
NS13,能勢電鉄妙見線,ときわ台駅
NS14,能勢電鉄妙見線,妙見口駅
NS10,能勢電鉄日生線,山下駅
NS21,能勢電鉄日生線,日生中央駅
HS 01,阪神本線,梅田駅
HS 02,阪神本線,福島駅
HS 03,阪神本線,野田駅
HS 04,阪神本線,淀川駅
HS 05,阪神本線,姫島駅
HS 06,阪神本線,千船駅
HS 07,阪神本線,杭瀬駅
HS 08,阪神本線,大物駅
HS 09,阪神本線,尼崎駅
HS 10,阪神本線,出屋敷駅
HS 11,阪神本線,尼崎センタープール前駅
HS 12,阪神本線,武庫川駅
HS 13,阪神本線,鳴尾駅
HS 14,阪神本線,甲子園駅
HS 15,阪神本線,久寿川駅
HS 16,阪神本線,今津駅
HS 17,阪神本線,西宮駅
HS 18,阪神本線,香櫨園駅
HS 19,阪神本線,打出駅
HS 20,阪神本線,芦屋駅
HS 21,阪神本線,深江駅
HS 22,阪神本線,青木駅
HS 23,阪神本線,魚崎駅
HS 24,阪神本線,住吉駅
HS 25,阪神本線,御影駅
HS 26,阪神本線,石屋川駅
HS 27,阪神本線,新在家駅
HS 28,阪神本線,大石駅
HS 29,阪神本線,西灘駅
HS 30,阪神本線,岩屋駅
HS 31,阪神本線,春日野道駅
HS 32,阪神本線,神戸三宮駅
HS 33,阪神本線,元町駅
HS 39 SY 01,阪神神戸高速線,（山陽）西代駅
HS 38,阪神神戸高速線,高速長田駅
HS 37,阪神神戸高速線,大開駅
HS 36,阪神神戸高速線,新開地駅
HS 35,阪神神戸高速線,高速神戸駅
HS 34,阪神神戸高速線,西元町駅
HS 33,阪神神戸高速線,（阪神）元町駅
HS 09,阪神なんば線,尼崎駅
HS 08,阪神なんば線,大物駅
HS 49,阪神なんば線,出来島駅
HS 48,阪神なんば線,福駅
HS 47,阪神なんば線,伝法駅
HS 46,阪神なんば線,千鳥橋駅
HS 45,阪神なんば線,西九条駅
HS 44,阪神なんば線,九条駅
HS 43,阪神なんば線,ドーム前駅
HS 42,阪神なんば線,桜川駅
HS 41,阪神なんば線,大阪難波駅
HS 12,阪神武庫川線,武庫川駅
HS 53,阪神武庫川線,東鳴尾駅
HS 52,阪神武庫川線,洲先駅
HS 51,阪神武庫川線,武庫川団地前駅
SY 01　HS 39,山陽電気鉄道本線,西代駅
SY 02,山陽電気鉄道本線,板宿駅
SY 03,山陽電気鉄道本線,東須磨駅
SY 04,山陽電気鉄道本線,月見山駅
SY 05,山陽電気鉄道本線,須磨寺駅
SY 06,山陽電気鉄道本線,山陽須磨駅
SY 07,山陽電気鉄道本線,須磨浦公園駅
SY 08,山陽電気鉄道本線,山陽塩屋駅
SY 09,山陽電気鉄道本線,滝の茶屋駅
SY 10,山陽電気鉄道本線,東垂水駅
SY 11,山陽電気鉄道本線,山陽垂水駅
SY 12,山陽電気鉄道本線,霞ヶ丘駅
SY 13,山陽電気鉄道本線,舞子公園駅
SY 14,山陽電気鉄道本線,西舞子駅
SY 15,山陽電気鉄道本線,大蔵谷駅
SY 16,山陽電気鉄道本線,人丸前駅
SY 17,山陽電気鉄道本線,山陽明石駅
SY 18,山陽電気鉄道本線,西新町駅
SY 19,山陽電気鉄道本線,林崎松江海岸駅
SY 20,山陽電気鉄道本線,藤江駅
SY 21,山陽電気鉄道本線,中八木駅
SY 22,山陽電気鉄道本線,江井ヶ島駅
SY 23,山陽電気鉄道本線,西江井ヶ島駅
SY 24,山陽電気鉄道本線,山陽魚住駅
SY 25,山陽電気鉄道本線,東二見駅
SY 26,山陽電気鉄道本線,西二見駅
SY 27,山陽電気鉄道本線,播磨町駅
SY 28,山陽電気鉄道本線,別府駅
SY 29,山陽電気鉄道本線,浜の宮駅
SY 30,山陽電気鉄道本線,尾上の松駅
SY 31,山陽電気鉄道本線,高砂駅
SY 32,山陽電気鉄道本線,荒井駅
SY 33,山陽電気鉄道本線,伊保駅
SY 34,山陽電気鉄道本線,山陽曽根駅
SY 35,山陽電気鉄道本線,大塩駅
SY 36,山陽電気鉄道本線,的形駅
SY 37,山陽電気鉄道本線,八家駅
SY 38,山陽電気鉄道本線,白浜の宮駅
SY 39,山陽電気鉄道本線,妻鹿駅
SY 40,山陽電気鉄道本線,飾磨駅
SY 41,山陽電気鉄道本線,亀山駅
SY 42,山陽電気鉄道本線,手柄駅
SY 43,山陽電気鉄道本線,山陽姫路駅
SY 40,山陽電気鉄道網干線,飾磨駅
SY 51,山陽電気鉄道網干線,西飾磨駅
SY 52,山陽電気鉄道網干線,夢前川駅
SY 53,山陽電気鉄道網干線,広畑駅
SY 54,山陽電気鉄道網干線,山陽天満駅
SY 55,山陽電気鉄道網干線,平松駅
SY 56,山陽電気鉄道網干線,山陽網干駅
KB01,神戸電鉄神戸高速線,新開地駅
KB02,神戸電鉄神戸高速線,湊川駅
KB01,神戸電鉄有馬線,新開地駅
KB02,神戸電鉄有馬線,湊川駅
KB03,神戸電鉄有馬線,長田駅
KB04,神戸電鉄有馬線,丸山駅
KB05,神戸電鉄有馬線,鵯越駅
KB06,神戸電鉄有馬線,鈴蘭台駅
KB07,神戸電鉄有馬線,北鈴蘭台駅
KB08,神戸電鉄有馬線,山の街駅
KB09,神戸電鉄有馬線,箕谷駅
KB10,神戸電鉄有馬線,谷上駅
KB11,神戸電鉄有馬線,花山駅
KB12,神戸電鉄有馬線,大池駅
KB13,神戸電鉄有馬線,神鉄六甲駅
KB14,神戸電鉄有馬線,唐櫃台駅
KB15,神戸電鉄有馬線,有馬口駅
KB16,神戸電鉄有馬線,有馬温泉駅
KB15,神戸電鉄三田線,有馬口駅
KB21,神戸電鉄三田線,五社駅
KB22,神戸電鉄三田線,岡場駅
KB23,神戸電鉄三田線,田尾寺駅
KB24,神戸電鉄三田線,二郎駅
KB25,神戸電鉄三田線,道場南口駅
KB26,神戸電鉄三田線,神鉄道場駅
KB27,神戸電鉄三田線,横山駅
KB28,神戸電鉄三田線,三田本町駅
KB29,神戸電鉄三田線,三田駅
KB27,神戸電鉄公園都市線,横山駅
KB31,神戸電鉄公園都市線,フラワータウン駅
KB32,神戸電鉄公園都市線,南ウッディタウン駅
KB33,神戸電鉄公園都市線,ウッディタウン中央駅
KB06,神戸電鉄粟生線,鈴蘭台駅
KB41,神戸電鉄粟生線,鈴蘭台西口駅
KB42,神戸電鉄粟生線,西鈴蘭台駅
KB43,神戸電鉄粟生線,藍那駅
KB44,神戸電鉄粟生線,木津駅
KB45,神戸電鉄粟生線,木幡駅
KB46,神戸電鉄粟生線,栄駅
KB47,神戸電鉄粟生線,押部谷駅
KB48,神戸電鉄粟生線,緑が丘駅
KB49,神戸電鉄粟生線,広野ゴルフ場前駅
KB50,神戸電鉄粟生線,志染駅
KB51,神戸電鉄粟生線,恵比須駅
KB52,神戸電鉄粟生線,三木上の丸駅
KB53,神戸電鉄粟生線,三木駅
KB54,神戸電鉄粟生線,大村駅
KB55,神戸電鉄粟生線,樫山駅
KB56,神戸電鉄粟生線,市場駅
KB57,神戸電鉄粟生線,小野駅
KB58,神戸電鉄粟生線,葉多駅
KB59,神戸電鉄粟生線,粟生駅
KH01,京阪本線,淀屋橋駅
KH02,京阪本線,北浜駅
KH03,京阪本線,天満橋駅
KH04,京阪本線,京橋駅
KH05,京阪本線,野江駅
KH06,京阪本線,関目駅
KH07,京阪本線,森小路駅
KH08,京阪本線,千林駅
KH09,京阪本線,滝井駅
KH10,京阪本線,土居駅
KH11,京阪本線,守口市駅
KH12,京阪本線,西三荘駅
KH13,京阪本線,門真市駅
KH14,京阪本線,古川橋駅
KH15,京阪本線,大和田駅
KH16,京阪本線,萱島駅
KH17,京阪本線,寝屋川市駅
KH18,京阪本線,香里園駅
KH19,京阪本線,光善寺駅
KH20,京阪本線,枚方公園駅
KH21,京阪本線,枚方市駅
KH22,京阪本線,御殿山駅
KH23,京阪本線,牧野駅
KH24,京阪本線,樟葉駅
KH25,京阪本線,橋本駅
KH26,京阪本線,八幡市駅
KH27,京阪本線,淀駅
KH28,京阪本線,中書島駅
KH29,京阪本線,伏見桃山駅
KH30,京阪本線,丹波橋駅
KH31,京阪本線,墨染駅
KH32,京阪本線,藤森駅
KH33,京阪本線,深草駅
KH34,京阪本線,伏見稲荷駅
KH35,京阪本線,鳥羽街道駅
KH36,京阪本線,東福寺駅
KH37,京阪本線,七条駅
KH38,京阪本線,清水五条駅
KH39,京阪本線,祇園四条駅
KH40,京阪本線,三条駅
KH41,京阪本線,神宮丸太町駅
KH42,京阪本線,出町柳駅
KH40,京阪鴨東線,三条駅
KH41,京阪鴨東線,神宮丸太町駅
KH42,京阪鴨東線,出町柳駅
KH54,京阪中之島線,中之島駅
KH53,京阪中之島線,渡辺橋駅
KH52,京阪中之島線,大江橋駅
KH51,京阪中之島線,なにわ橋駅
KH03,京阪中之島線,天満橋駅
KH21,京阪交野線,枚方市駅
KH61,京阪交野線,宮之阪駅
KH62,京阪交野線,星ヶ丘駅
KH63,京阪交野線,村野駅
KH64,京阪交野線,郡津駅
KH65,京阪交野線,交野市駅
KH66,京阪交野線,河内森駅
KH67,京阪交野線,私市駅
KH28,京阪宇治線,中書島駅
KH71,京阪宇治線,観月橋駅
KH72,京阪宇治線,桃山南口駅
KH73,京阪宇治線,六地蔵駅
KH74,京阪宇治線,木幡駅
KH75,京阪宇治線,黄檗駅
KH76,京阪宇治線,三室戸駅
KH77,京阪宇治線,宇治駅
OT01,京阪石山坂本線,石山寺駅
OT02,京阪石山坂本線,唐橋前駅
OT03,京阪石山坂本線,京阪石山駅
OT04,京阪石山坂本線,粟津駅
OT05,京阪石山坂本線,瓦ヶ浜駅
OT06,京阪石山坂本線,中ノ庄駅
OT07,京阪石山坂本線,膳所本町駅
OT08,京阪石山坂本線,錦駅
OT09,京阪石山坂本線,京阪膳所駅
OT10,京阪石山坂本線,石場駅
OT11,京阪石山坂本線,島ノ関駅
OT12,京阪石山坂本線,浜大津駅
OT13,京阪石山坂本線,三井寺駅
OT14,京阪石山坂本線,別所駅
OT15,京阪石山坂本線,皇子山駅
OT16,京阪石山坂本線,近江神宮前駅
OT17,京阪石山坂本線,南滋賀駅
OT18,京阪石山坂本線,滋賀里駅
OT19,京阪石山坂本線,穴太駅
OT20,京阪石山坂本線,松ノ馬場駅
OT21,京阪石山坂本線,坂本駅
T08,京阪京津線,御陵駅
OT31,京阪京津線,京阪山科駅
OT32,京阪京津線,四宮駅
OT33,京阪京津線,追分駅
OT34,京阪京津線,大谷駅
OT35,京阪京津線,上栄町駅
OT12,京阪京津線,浜大津駅
M1,広島電鉄本線,広島駅
M2,広島電鉄本線,猿猴橋町
M3・H3,広島電鉄本線,的場町
M4,広島電鉄本線,稲荷町
M5,広島電鉄本線,銀山町
M6,広島電鉄本線,胡町
M7・W1,広島電鉄本線,八丁堀
M8,広島電鉄本線,立町
M9,広島電鉄本線,紙屋町東
M10,広島電鉄本線,原爆ドーム前
M11,広島電鉄本線,本川町
M12・Y1,広島電鉄本線,十日市町
M13,広島電鉄本線,土橋
M14,広島電鉄本線,小網町
M15,広島電鉄本線,天満町
M16,広島電鉄本線,観音町
M17,広島電鉄本線,西観音町
M18,広島電鉄本線,福島町
M19,広島電鉄本線,広電西広島（己斐）
M19,広島電鉄宮島線,広電西広島（己斐）駅
M20,広島電鉄宮島線,東高須駅
M21,広島電鉄宮島線,高須駅
M22,広島電鉄宮島線,古江駅
M23,広島電鉄宮島線,草津駅
M24,広島電鉄宮島線,草津南駅
M25,広島電鉄宮島線,商工センター入口駅
M26,広島電鉄宮島線,井口駅
M27,広島電鉄宮島線,修大附属鈴峯前駅
M28,広島電鉄宮島線,広電五日市駅
M29,広島電鉄宮島線,佐伯区役所前駅
M30,広島電鉄宮島線,楽々園駅
M31,広島電鉄宮島線,山陽女子大前駅
M32,広島電鉄宮島線,広電廿日市駅
M33,広島電鉄宮島線,廿日市市役所前（平良）駅
M34,広島電鉄宮島線,宮内駅
M35,広島電鉄宮島線,JA広島病院前駅
M36,広島電鉄宮島線,地御前駅
M37,広島電鉄宮島線,阿品東駅
M38,広島電鉄宮島線,広電阿品駅
M39,広島電鉄宮島線,広電宮島口駅
Y1,広島電鉄横川線,十日市町
Y2,広島電鉄横川線,寺町
Y3,広島電鉄横川線,別院前
Y4,広島電鉄横川線,横川一丁目
Y5,広島電鉄横川線,横川駅
M9,広島電鉄宇品線,紙屋町東　紙屋町西
U1,広島電鉄宇品線,本通
U2,広島電鉄宇品線,袋町
U3,広島電鉄宇品線,中電前
U4,広島電鉄宇品線,市役所前
U5,広島電鉄宇品線,鷹野橋
U6,広島電鉄宇品線,日赤病院前
U7,広島電鉄宇品線,広電本社前
U8,広島電鉄宇品線,御幸橋
U9,広島電鉄宇品線,皆実町六丁目
U10,広島電鉄宇品線,広大附属学校前
U11,広島電鉄宇品線,県病院前
U12,広島電鉄宇品線,宇品二丁目
U13,広島電鉄宇品線,宇品三丁目
U14,広島電鉄宇品線,宇品四丁目
U15,広島電鉄宇品線,宇品五丁目
U16,広島電鉄宇品線,海岸通
U17,広島電鉄宇品線,元宇品口
U18,広島電鉄宇品線,広島港（宇品）
M13,広島電鉄江波線,土橋
E1,広島電鉄江波線,舟入町
E2,広島電鉄江波線,舟入本町
E3,広島電鉄江波線,舟入幸町
E4,広島電鉄江波線,舟入川口町
E5,広島電鉄江波線,舟入南町
E6,広島電鉄江波線,江波
W1,広島電鉄白島線,八丁堀
W2,広島電鉄白島線,女学院前
W3,広島電鉄白島線,縮景園前
W4,広島電鉄白島線,家庭裁判所前
W5,広島電鉄白島線,白島
H3/M3,広島電鉄皆実線,的場町
H4,広島電鉄皆実線,段原一丁目
H5,広島電鉄皆実線,比治山下
H6,広島電鉄皆実線,比治山橋
H7,広島電鉄皆実線,南区役所前
H8,広島電鉄皆実線,皆実町二丁目
H9/U9,広島電鉄皆実線,皆実町六丁目
Y00,JR予讃線,高松駅
Y01,JR予讃線,香西駅
Y02,JR予讃線,鬼無駅
Y03,JR予讃線,端岡駅
Y04,JR予讃線,国分駅
Y05,JR予讃線,讃岐府中駅
Y06,JR予讃線,鴨川駅
Y07,JR予讃線,八十場駅
Y08,JR予讃線,坂出駅
Y09,JR予讃線,宇多津駅
Y10,JR予讃線,丸亀駅
Y11,JR予讃線,讃岐塩屋駅
Y12,JR予讃線,多度津駅
Y13,JR予讃線,海岸寺駅
Y14,JR予讃線,詫間駅
Y15,JR予讃線,みの駅
Y16,JR予讃線,高瀬駅
Y17,JR予讃線,比地大駅
Y18,JR予讃線,本山駅
Y19,JR予讃線,観音寺駅
Y20,JR予讃線,豊浜駅
Y21,JR予讃線,箕浦駅
Y22,JR予讃線,川之江駅
Y23,JR予讃線,伊予三島駅
Y24,JR予讃線,伊予寒川駅
Y25,JR予讃線,赤星駅
Y26,JR予讃線,伊予土居駅
Y27,JR予讃線,関川駅
Y28,JR予讃線,多喜浜駅
Y29,JR予讃線,新居浜駅
Y30,JR予讃線,中萩駅
Y31,JR予讃線,伊予西条駅
Y32,JR予讃線,石鎚山駅
Y33,JR予讃線,伊予氷見駅
Y34,JR予讃線,伊予小松駅
Y35,JR予讃線,玉之江駅
Y36,JR予讃線,壬生川駅
Y37,JR予讃線,伊予三芳駅
Y38,JR予讃線,伊予桜井駅
Y39,JR予讃線,伊予富田駅
Y40,JR予讃線,今治駅
Y41,JR予讃線,波止浜駅
Y42,JR予讃線,波方駅
Y43,JR予讃線,大西駅
Y44,JR予讃線,伊予亀岡駅
Y45,JR予讃線,菊間駅
Y46,JR予讃線,浅海駅
Y47,JR予讃線,大浦駅
Y48,JR予讃線,伊予北条駅
Y49,JR予讃線,柳原駅
Y50,JR予讃線,粟井駅
Y51,JR予讃線,光洋台駅
Y52,JR予讃線,堀江駅
Y53,JR予讃線,伊予和気駅
Y54,JR予讃線,三津浜駅
U00,JR予讃線,松山駅
U01,JR予讃線,市坪駅
U02,JR予讃線,北伊予駅
U03,JR予讃線,伊予横田駅
U04,JR予讃線,鳥ノ木駅
U05,JR予讃線,伊予市駅
S06,JR予讃線,向井原駅
S07,JR予讃線,高野川駅
S08,JR予讃線,伊予上灘駅
S09,JR予讃線,下灘駅
S10,JR予讃線,串駅
S11,JR予讃線,喜多灘駅
S12,JR予讃線,伊予長浜駅
S13,JR予讃線,伊予出石駅
S14,JR予讃線,伊予白滝駅
S15,JR予讃線,八多喜駅
S16,JR予讃線,春賀駅
S17,JR予讃線,五郎駅
U14,JR予讃線,伊予大洲駅
U16,JR予讃線,伊予平野駅
U17,JR予讃線,千丈駅
U18,JR予讃線,八幡浜駅
U19,JR予讃線,双岩駅
U20,JR予讃線,伊予石城駅
U21,JR予讃線,上宇和駅
U22,JR予讃線,卯之町駅
U23,JR予讃線,下宇和駅
U24,JR予讃線,立間駅
U25,JR予讃線,伊予吉田駅
U26,JR予讃線,高光駅
U27,JR予讃線,北宇和島駅
U28,JR予讃線,宇和島駅
U06,JR予讃線,向井原駅
U07,JR予讃線,伊予大平駅
U08,JR予讃線,伊予中山駅
U09,JR予讃線,伊予立川駅
U10,JR予讃線,内子駅
U11,JR予讃線,五十崎駅
U12,JR予讃線,喜多山駅
U13,JR予讃線,新谷駅
U14,JR予讃線,伊予大洲駅
D12,JR土讃線,多度津駅
D13,JR土讃線,金蔵寺駅
D14,JR土讃線,善通寺駅
D15,JR土讃線,琴平駅
D17,JR土讃線,黒川駅
D18,JR土讃線,讃岐財田駅
D19,JR土讃線,坪尻駅
D20,JR土讃線,箸蔵駅
D21,JR土讃線,佃駅
D22,JR土讃線,阿波池田駅
D23,JR土讃線,三縄駅
D24,JR土讃線,祖谷口駅
D25,JR土讃線,阿波川口駅
D26,JR土讃線,小歩危駅
D27,JR土讃線,大歩危駅
D28,JR土讃線,土佐岩原駅
D29,JR土讃線,豊永駅
D30,JR土讃線,大田口駅
D31,JR土讃線,土佐穴内駅
D32,JR土讃線,大杉駅
D33,JR土讃線,土佐北川駅
D34,JR土讃線,角茂谷駅
D35,JR土讃線,繁藤駅
D36,JR土讃線,新改駅
D37,JR土讃線,土佐山田駅
D38,JR土讃線,山田西町駅
D39,JR土讃線,土佐長岡駅
D40,JR土讃線,後免駅
D41,JR土讃線,土佐大津駅
D42,JR土讃線,布師田駅
D43,JR土讃線,土佐一宮駅
D44,JR土讃線,薊野駅
K00,JR土讃線,高知駅
K01,JR土讃線,入明駅
K02,JR土讃線,円行寺口駅
K03,JR土讃線,旭駅
K04,JR土讃線,高知商業前駅
K05,JR土讃線,朝倉駅
K06,JR土讃線,枝川駅
K07,JR土讃線,伊野駅
K08,JR土讃線,波川駅
K08-1,JR土讃線,小村神社前駅
K09,JR土讃線,日下駅
K10,JR土讃線,岡花駅
K11,JR土讃線,土佐加茂駅
K12,JR土讃線,西佐川駅
K13,JR土讃線,佐川駅
K14,JR土讃線,襟野々駅
K15,JR土讃線,斗賀野駅
K16,JR土讃線,吾桑駅
K17,JR土讃線,多ノ郷駅
K18,JR土讃線,大間駅
K19,JR土讃線,須崎駅
K20,JR土讃線,土佐新荘駅
K21,JR土讃線,安和駅
K22,JR土讃線,土佐久礼駅
K23,JR土讃線,影野駅
K24,JR土讃線,六反地駅
K25,JR土讃線,仁井田駅
K26,JR土讃線,窪川駅
TK26,JR予土線,窪川駅
TK27,JR予土線,若井駅
G28,JR予土線,家地川駅
G29,JR予土線,打井川駅
G30,JR予土線,土佐大正駅
G31,JR予土線,土佐昭和駅
G32,JR予土線,十川駅
G33,JR予土線,半家駅
G34,JR予土線,江川崎駅
G35,JR予土線,西ケ方駅
G36,JR予土線,真土駅
G37,JR予土線,吉野生駅
G38,JR予土線,松丸駅
G39,JR予土線,出目駅
G40,JR予土線,近永駅
G41,JR予土線,深田駅
G42,JR予土線,大内駅
G43,JR予土線,二名駅
G44,JR予土線,伊予宮野下駅
G45,JR予土線,務田駅
G46,JR予土線,北宇和島駅
G47,JR予土線,宇和島駅
T28,JR高徳線,高松駅
T27,JR高徳線,昭和町駅
T26,JR高徳線,栗林公園北口駅
T25,JR高徳線,栗林駅
T24,JR高徳線,木太町駅
T23,JR高徳線,屋島駅
T22,JR高徳線,古高松南駅
T21,JR高徳線,八栗口駅
T20,JR高徳線,讃岐牟礼駅
T19,JR高徳線,志度駅
T18,JR高徳線,オレンジタウン駅
T17,JR高徳線,造田駅
T16,JR高徳線,神前駅
T15,JR高徳線,讃岐津田駅
T14,JR高徳線,鶴羽駅
T13,JR高徳線,丹生駅
T12,JR高徳線,三本松駅
T11,JR高徳線,讃岐白鳥駅
T10,JR高徳線,引田駅
T09,JR高徳線,讃岐相生駅
T08,JR高徳線,阿波大宮駅
T07,JR高徳線,板野駅
T06,JR高徳線,阿波川端駅
T05,JR高徳線,板東駅
T04,JR高徳線,池谷駅
T03,JR高徳線,勝瑞駅
T02,JR高徳線,吉成駅
T01,JR高徳線,佐古駅
T00,JR高徳線,徳島駅
N04,JR鳴門線,池谷駅
N05,JR鳴門線,阿波大谷駅
N06,JR鳴門線,立道駅
N07,JR鳴門線,教会前駅
N08,JR鳴門線,金比羅前駅
N09,JR鳴門線,撫養駅
N10,JR鳴門線,鳴門駅
T00,JR徳島線,徳島駅
B01,JR徳島線,佐古駅
B02,JR徳島線,蔵本駅
B03,JR徳島線,鮎喰駅
B04,JR徳島線,府中駅
B05,JR徳島線,石井駅
B06,JR徳島線,下浦駅
B07,JR徳島線,牛島駅
B08,JR徳島線,麻植塚駅
B09,JR徳島線,鴨島駅
B10,JR徳島線,西麻植駅
B11,JR徳島線,阿波川島駅
B12,JR徳島線,学駅
B13,JR徳島線,山瀬駅
B14,JR徳島線,阿波山川駅
B15,JR徳島線,川田駅
B16,JR徳島線,穴吹駅
B17,JR徳島線,小島駅
B18,JR徳島線,貞光駅
B19,JR徳島線,阿波半田駅
B20,JR徳島線,江口駅
B21,JR徳島線,三加茂駅
B22,JR徳島線,阿波加茂駅
B23,JR徳島線,辻駅
B24,JR徳島線,佃駅
B25,JR徳島線,阿波池田駅
M00,JR牟岐線,徳島駅
M01,JR牟岐線,阿波富田駅
M02,JR牟岐線,二軒屋駅
M03,JR牟岐線,文化の森駅
M04,JR牟岐線,地蔵橋駅
M05,JR牟岐線,中田駅
M06,JR牟岐線,南小松島駅
M07,JR牟岐線,阿波赤石駅
M08,JR牟岐線,立江駅
M09,JR牟岐線,羽ノ浦駅
M10,JR牟岐線,西原駅
M11,JR牟岐線,阿波中島駅
M12,JR牟岐線,阿南駅
M13,JR牟岐線,見能林駅
M14,JR牟岐線,阿波橘駅
M15,JR牟岐線,桑野駅
M16,JR牟岐線,新野駅
M17,JR牟岐線,阿波福井駅
M18,JR牟岐線,由岐駅
M19,JR牟岐線,木岐駅
M20,JR牟岐線,北河内駅
M21,JR牟岐線,日和佐駅
M22,JR牟岐線,山河内駅
M23,JR牟岐線,辺川駅
M24,JR牟岐線,牟岐駅
M25,JR牟岐線,鯖瀬駅
M26,JR牟岐線,浅川駅
M27,JR牟岐線,阿波海南駅
M28,JR牟岐線,海部駅
AK28,阿佐海岸鉄道阿佐東線,海部駅
AK29,阿佐海岸鉄道阿佐東線,宍喰駅
AK30,阿佐海岸鉄道阿佐東線,甲浦駅
GN40,土佐くろしお鉄道阿佐線,後免駅
GN39,土佐くろしお鉄道阿佐線,後免町駅
GN38,土佐くろしお鉄道阿佐線,立田駅
GN37,土佐くろしお鉄道阿佐線,のいち駅
GN36,土佐くろしお鉄道阿佐線,よしかわ駅
GN35,土佐くろしお鉄道阿佐線,あかおか駅
GN34,土佐くろしお鉄道阿佐線,香我美駅
GN33,土佐くろしお鉄道阿佐線,夜須駅
GN32,土佐くろしお鉄道阿佐線,西分駅
GN31,土佐くろしお鉄道阿佐線,和食駅
GN30,土佐くろしお鉄道阿佐線,赤野駅
GN29,土佐くろしお鉄道阿佐線,穴内駅
GN28,土佐くろしお鉄道阿佐線,球場前駅
GN27,土佐くろしお鉄道阿佐線,安芸駅
GN26,土佐くろしお鉄道阿佐線,伊尾木駅
GN25,土佐くろしお鉄道阿佐線,下山駅
GN24,土佐くろしお鉄道阿佐線,唐浜駅
GN23,土佐くろしお鉄道阿佐線,安田駅
GN22,土佐くろしお鉄道阿佐線,田野駅
GN21,土佐くろしお鉄道阿佐線,奈半利駅
TK26,土佐くろしお鉄道中村線,窪川駅
TK27,土佐くろしお鉄道中村線,若井駅
TK28,土佐くろしお鉄道中村線,荷稲駅
TK29,土佐くろしお鉄道中村線,伊与喜駅
TK30,土佐くろしお鉄道中村線,土佐佐賀駅
TK31,土佐くろしお鉄道中村線,佐賀公園駅
TK32,土佐くろしお鉄道中村線,土佐白浜駅
TK33,土佐くろしお鉄道中村線,有井川駅
TK34,土佐くろしお鉄道中村線,土佐上川口駅
TK35,土佐くろしお鉄道中村線,海の王迎駅
TK36,土佐くろしお鉄道中村線,浮鞭駅
TK37,土佐くろしお鉄道中村線,土佐入野駅
TK38,土佐くろしお鉄道中村線,西大方駅
TK39,土佐くろしお鉄道中村線,古津賀駅
TK40,土佐くろしお鉄道中村線,中村駅
K00 N00,高松琴平電気鉄道琴平線,高松築港駅
K01 N01,高松琴平電気鉄道琴平線,片原町駅
K02,高松琴平電気鉄道琴平線,瓦町駅
K03,高松琴平電気鉄道琴平線,栗林公園駅
K04,高松琴平電気鉄道琴平線,三条駅
K05,高松琴平電気鉄道琴平線,太田駅
K06,高松琴平電気鉄道琴平線,仏生山駅
K07,高松琴平電気鉄道琴平線,空港通り駅
K08,高松琴平電気鉄道琴平線,一宮駅
K09,高松琴平電気鉄道琴平線,円座駅
K10,高松琴平電気鉄道琴平線,岡本駅
K11,高松琴平電気鉄道琴平線,挿頭丘駅
K12,高松琴平電気鉄道琴平線,畑田駅
K13,高松琴平電気鉄道琴平線,陶駅
K14,高松琴平電気鉄道琴平線,綾川駅
K15,高松琴平電気鉄道琴平線,滝宮駅
K16,高松琴平電気鉄道琴平線,羽床駅
K17,高松琴平電気鉄道琴平線,栗熊駅
K18,高松琴平電気鉄道琴平線,岡田駅
K19,高松琴平電気鉄道琴平線,羽間駅
K20,高松琴平電気鉄道琴平線,榎井駅
K21,高松琴平電気鉄道琴平線,琴電琴平駅
N02,高松琴平電気鉄道長尾線,瓦町駅
N03,高松琴平電気鉄道長尾線,花園駅
N04,高松琴平電気鉄道長尾線,林道駅
N05,高松琴平電気鉄道長尾線,木太東口駅
N06,高松琴平電気鉄道長尾線,元山駅
N07,高松琴平電気鉄道長尾線,水田駅
N08,高松琴平電気鉄道長尾線,西前田駅
N09,高松琴平電気鉄道長尾線,高田駅
N10,高松琴平電気鉄道長尾線,池戸駅
N11,高松琴平電気鉄道長尾線,農学部前駅
N12,高松琴平電気鉄道長尾線,平木駅
N13,高松琴平電気鉄道長尾線,学園通り駅
N14,高松琴平電気鉄道長尾線,白山駅
N15,高松琴平電気鉄道長尾線,井戸駅
N16,高松琴平電気鉄道長尾線,公文明駅
N17,高松琴平電気鉄道長尾線,長尾駅
S00,高松琴平電気鉄道志度線,瓦町駅
S01,高松琴平電気鉄道志度線,今橋駅
S02,高松琴平電気鉄道志度線,松島二丁目駅
S03,高松琴平電気鉄道志度線,沖松島駅
S04,高松琴平電気鉄道志度線,春日川駅
S05,高松琴平電気鉄道志度線,潟元駅
S06,高松琴平電気鉄道志度線,琴電屋島駅
S07,高松琴平電気鉄道志度線,古高松駅
S08,高松琴平電気鉄道志度線,八栗駅
S09,高松琴平電気鉄道志度線,六万寺駅
S10,高松琴平電気鉄道志度線,大町駅
S11,高松琴平電気鉄道志度線,八栗新道駅
S12,高松琴平電気鉄道志度線,塩屋駅
S13,高松琴平電気鉄道志度線,房前駅
S14,高松琴平電気鉄道志度線,原駅
S15,高松琴平電気鉄道志度線,琴電志度駅
IY01,伊予鉄道高浜線,高浜駅
IY02,伊予鉄道高浜線,梅津寺駅
IY03,伊予鉄道高浜線,港山駅
IY04,伊予鉄道高浜線,三津駅
IY05,伊予鉄道高浜線,山西駅
IY06,伊予鉄道高浜線,西衣山駅
IY07,伊予鉄道高浜線,衣山駅
IY08,伊予鉄道高浜線,古町駅
IY09,伊予鉄道高浜線,大手町駅
IY10,伊予鉄道高浜線,松山市駅
IY10,伊予鉄道横河原線,松山市駅
IY11,伊予鉄道横河原線,石手川公園駅
IY12,伊予鉄道横河原線,いよ立花駅
IY13,伊予鉄道横河原線,福音寺駅
IY14,伊予鉄道横河原線,北久米駅
IY15,伊予鉄道横河原線,久米駅
IY16,伊予鉄道横河原線,鷹ノ子駅
IY17,伊予鉄道横河原線,平井駅
IY18,伊予鉄道横河原線,梅本駅
IY19,伊予鉄道横河原線,牛渕団地前駅
IY20,伊予鉄道横河原線,牛渕駅
IY21,伊予鉄道横河原線,田窪駅
IY22,伊予鉄道横河原線,見奈良駅
IY23,伊予鉄道横河原線,愛大医学部南口駅
IY24,伊予鉄道横河原線,横河原駅
IY10,伊予鉄道郡中線,松山市駅
IY25,伊予鉄道郡中線,土橋駅
IY26,伊予鉄道郡中線,土居田駅
IY27,伊予鉄道郡中線,余戸駅
IY28,伊予鉄道郡中線,鎌田駅
IY29,伊予鉄道郡中線,岡田駅
IY30,伊予鉄道郡中線,古泉駅
IY31,伊予鉄道郡中線,松前駅
IY32,伊予鉄道郡中線,地蔵町駅
IY33,伊予鉄道郡中線,新川駅
IY34,伊予鉄道郡中線,郡中駅
IY35,伊予鉄道郡中線,郡中港駅
K01,福岡市地下鉄空港線,姪浜駅
K02,福岡市地下鉄空港線,室見駅
K03,福岡市地下鉄空港線,藤崎駅
K04,福岡市地下鉄空港線,西新駅
K05,福岡市地下鉄空港線,唐人町駅
K06,福岡市地下鉄空港線,大濠公園駅
K07,福岡市地下鉄空港線,赤坂駅
K08,福岡市地下鉄空港線,天神駅
K09 H01,福岡市地下鉄空港線,中洲川端駅
K10,福岡市地下鉄空港線,祇園駅
K11,福岡市地下鉄空港線,博多駅
K12,福岡市地下鉄空港線,東比恵駅
K13,福岡市地下鉄空港線,福岡空港駅
K09 H01,福岡市地下鉄箱崎線,中洲川端駅
H02,福岡市地下鉄箱崎線,呉服町駅
H03,福岡市地下鉄箱崎線,千代県庁口駅
H04,福岡市地下鉄箱崎線,馬出九大病院前駅
H05,福岡市地下鉄箱崎線,箱崎宮前駅
H06,福岡市地下鉄箱崎線,箱崎九大前駅
H07,福岡市地下鉄箱崎線,貝塚駅
N01,福岡市地下鉄七隈線,橋本駅
N02,福岡市地下鉄七隈線,次郎丸駅
N03,福岡市地下鉄七隈線,賀茂駅
N04,福岡市地下鉄七隈線,野芥駅
N05,福岡市地下鉄七隈線,梅林駅
N06,福岡市地下鉄七隈線,福大前駅
N07,福岡市地下鉄七隈線,七隈駅
N08,福岡市地下鉄七隈線,金山駅
N09,福岡市地下鉄七隈線,茶山駅
N10,福岡市地下鉄七隈線,別府駅
N11,福岡市地下鉄七隈線,六本松駅
N12,福岡市地下鉄七隈線,桜坂駅
N13,福岡市地下鉄七隈線,薬院大通駅
N14,福岡市地下鉄七隈線,薬院駅
N15,福岡市地下鉄七隈線,渡辺通駅
N16,福岡市地下鉄七隈線,天神南駅
CK01,筑豊電気鉄道線,黒崎駅前駅
CK02,筑豊電気鉄道線,西黒崎駅
CK03,筑豊電気鉄道線,熊西駅
CK04,筑豊電気鉄道線,萩原駅
CK05,筑豊電気鉄道線,穴生駅
CK06,筑豊電気鉄道線,森下駅
CK07,筑豊電気鉄道線,今池駅
CK08,筑豊電気鉄道線,永犬丸駅
CK09,筑豊電気鉄道線,三ヶ森駅
CK10,筑豊電気鉄道線,西山駅
CK11,筑豊電気鉄道線,通谷駅
CK12,筑豊電気鉄道線,東中間駅
CK13,筑豊電気鉄道線,筑豊中間駅
CK14,筑豊電気鉄道線,希望が丘高校前駅
CK15,筑豊電気鉄道線,筑豊香月駅
CK16,筑豊電気鉄道線,楠橋駅
CK17,筑豊電気鉄道線,新木屋瀬駅
CK18,筑豊電気鉄道線,木屋瀬駅
CK19,筑豊電気鉄道線,遠賀野駅
CK20,筑豊電気鉄道線,感田駅
CK21,筑豊電気鉄道線,筑豊直方駅
1,熊本市電田崎線,田崎橋電停
2,熊本市電田崎線,二本木口電停
3,熊本市電田崎線,熊本駅前電停
3,熊本市電幹線,熊本駅前電停
4,熊本市電幹線,祇園橋電停
5,熊本市電幹線,呉服町電停
6,熊本市電幹線,河原町電停
7,熊本市電幹線,慶徳校前電停
8,熊本市電幹線,辛島町電停
9,熊本市電幹線,花畑町電停
10,熊本市電幹線,熊本城・市役所前電停
11,熊本市電幹線,通町筋電停
12,熊本市電幹線,水道町電停
12,熊本市電水前寺線,水道町電停
13,熊本市電水前寺線,九品寺交差点電停
14,熊本市電水前寺線,交通局前電停
15,熊本市電水前寺線,味噌天神前電停
16,熊本市電水前寺線,新水前寺駅前電停
17,熊本市電水前寺線,国府電停
18,熊本市電水前寺線,水前寺公園電停
18,熊本市電健軍線,水前寺公園電停
19,熊本市電健軍線,市立体育館前電停
20,熊本市電健軍線,商業高校前電停
21,熊本市電健軍線,八丁馬場電停
22,熊本市電健軍線,神水・市民病院前電停
23,熊本市電健軍線,健軍校前電停
24,熊本市電健軍線,動植物園入口電停
25,熊本市電健軍線,健軍交番前電停
26,熊本市電健軍線,健軍町電停
B1,熊本市電上熊本線,上熊本駅前電停
B2,熊本市電上熊本線,県立体育館前電停
B3,熊本市電上熊本線,本妙寺入口電停
B4,熊本市電上熊本線,杉塘電停
B5,熊本市電上熊本線,段山町電停
B6,熊本市電上熊本線,蔚山町電停
B7,熊本市電上熊本線,新町電停
B8,熊本市電上熊本線,洗馬橋電停
B9,熊本市電上熊本線,西辛島町電停
8,熊本市電上熊本線,辛島町電停
1,沖縄都市モノレール線,那覇空港駅
2,沖縄都市モノレール線,赤嶺駅
3,沖縄都市モノレール線,小禄駅
4,沖縄都市モノレール線,奥武山公園駅
5,沖縄都市モノレール線,壺川駅
6,沖縄都市モノレール線,旭橋駅
7,沖縄都市モノレール線,県庁前駅
8,沖縄都市モノレール線,美栄橋駅
9,沖縄都市モノレール線,牧志駅
10,沖縄都市モノレール線,安里駅
11,沖縄都市モノレール線,おもろまち駅
12,沖縄都市モノレール線,古島駅
13,沖縄都市モノレール線,市立病院前駅
14,沖縄都市モノレール線,儀保駅
15,沖縄都市モノレール線,首里駅
